track_id,track_name,album_id,duration,release_date,popularity,danceability,energy,key,loudness,mode,speechiness,acousticness,instrumentalness,liveness,valence,tempo,predicted_genre_id,predicted_genre_prob,predicted_genre,classification_probability,artist_id,artist_name
468iB1VWvEy9ln8M9zdde6,Tayo Na Lang Dalawa,4V1wdlWzWsSPbgXrgipsPS,185066,2014-04-20,57,0.52,0.969,1,-3.612,1,0.0331,4.47e-05,0.00232,0.157,0.63,97.598,5,0.9994986057281494,Rock,99.94986057281494%,7lIVjtsgz0y1oRQFBAVNzq,Mayonnaise
468iB1VWvEy9ln8M9zdde6,Tayo Na Lang Dalawa,4V1wdlWzWsSPbgXrgipsPS,185066,2014-04-20,57,0.52,0.969,1,-3.612,1,0.0331,4.47e-05,0.00232,0.157,0.63,97.598,5,0.9994986057281494,Rock,99.94986057281494%,7lIVjtsgz0y1oRQFBAVNzq,Mayonnaise
4SjPJxsczdVx2Wafi5mT0J,Rewrite the Stars,6OwbMChcQwexcBWiZeHzpR,200259,2018-02-06,65,0.786,0.123,6,-12.659,0,0.0391,0.863,0.0,0.103,0.316,122.936,3,0.9975942969322203,Acoustic,99.75942969322205%,"['40JlNF1w2OiSOyj1nC4y0I', '205CbtBaTjs0pxHmv232EC']","['Joseph Vincent', 'Jules Aurora']"
29xs643Q96uQLD8f7SxYYw,Sa'yo,4xxRoePLdITFIhrzUhmOaQ,253360,2013-06-11,63,0.567,0.0896,5,-12.944,1,0.0343,0.796,0.0,0.218,0.367,79.002,3,0.9953963160514832,Acoustic,99.53963160514832%,4nGp682WMiKS4X217kPw8C,Silent Sanctuary
29xs643Q96uQLD8f7SxYYw,Sa'yo,4xxRoePLdITFIhrzUhmOaQ,253360,2013-06-11,63,0.567,0.0896,5,-12.944,1,0.0343,0.796,0.0,0.218,0.367,79.002,3,0.9953963160514832,Acoustic,99.53963160514832%,4nGp682WMiKS4X217kPw8C,Silent Sanctuary
29xs643Q96uQLD8f7SxYYw,Sa'yo,4xxRoePLdITFIhrzUhmOaQ,253360,2013-06-11,63,0.567,0.0896,5,-12.944,1,0.0343,0.796,0.0,0.218,0.367,79.002,3,0.9953963160514832,Acoustic,99.53963160514832%,4nGp682WMiKS4X217kPw8C,Silent Sanctuary
0SzvXb3BAWgTHACbIXGNPa,Halik,0HYAcVSUVkfxzHKgHu6DqR,222680,2012,58,0.525,0.908,11,-3.33,1,0.0413,0.0139,0.0,0.253,0.628,126.041,5,0.9951727986335754,Rock,99.51727986335754%,4GBFKKuwmZUnAJt6nBal7A,Kamikazee
3OpGUlDmRUXh0NkIYWoIlD,Your Song,0kV35wyXIJKk04VRG0DdF4,168493,2003,70,0.636,0.159,11,-13.117,1,0.0549,0.892,0.0,0.112,0.658,119.766,3,0.9944540858268738,Acoustic,99.44540858268738%,2XHTklRsNMOOQT56Zm3WS4,Parokya Ni Edgar
3OpGUlDmRUXh0NkIYWoIlD,Your Song,0kV35wyXIJKk04VRG0DdF4,168493,2003,70,0.636,0.159,11,-13.117,1,0.0549,0.892,0.0,0.112,0.658,119.766,3,0.9944540858268738,Acoustic,99.44540858268738%,2XHTklRsNMOOQT56Zm3WS4,Parokya Ni Edgar
3OpGUlDmRUXh0NkIYWoIlD,Your Song,0kV35wyXIJKk04VRG0DdF4,168493,2003,70,0.636,0.159,11,-13.117,1,0.0549,0.892,0.0,0.112,0.658,119.766,3,0.9944540858268738,Acoustic,99.44540858268738%,2XHTklRsNMOOQT56Zm3WS4,Parokya Ni Edgar
3OpGUlDmRUXh0NkIYWoIlD,Your Song,0kV35wyXIJKk04VRG0DdF4,168493,2003,70,0.636,0.159,11,-13.117,1,0.0549,0.892,0.0,0.112,0.658,119.766,3,0.9944540858268738,Acoustic,99.44540858268738%,2XHTklRsNMOOQT56Zm3WS4,Parokya Ni Edgar
3OpGUlDmRUXh0NkIYWoIlD,Your Song,0kV35wyXIJKk04VRG0DdF4,168493,2003,70,0.636,0.159,11,-13.117,1,0.0549,0.892,0.0,0.112,0.658,119.766,3,0.9944540858268738,Acoustic,99.44540858268738%,2XHTklRsNMOOQT56Zm3WS4,Parokya Ni Edgar
3OpGUlDmRUXh0NkIYWoIlD,Your Song,0kV35wyXIJKk04VRG0DdF4,168493,2003,70,0.636,0.159,11,-13.117,1,0.0549,0.892,0.0,0.112,0.658,119.766,3,0.9944540858268738,Acoustic,99.44540858268738%,2XHTklRsNMOOQT56Zm3WS4,Parokya Ni Edgar
3OpGUlDmRUXh0NkIYWoIlD,Your Song,0kV35wyXIJKk04VRG0DdF4,168493,2003,70,0.636,0.159,11,-13.117,1,0.0549,0.892,0.0,0.112,0.658,119.766,3,0.9944540858268738,Acoustic,99.44540858268738%,2XHTklRsNMOOQT56Zm3WS4,Parokya Ni Edgar
7L8GQLm6e7cGoMMUAgWCVp,Huling Sayaw,0HYAcVSUVkfxzHKgHu6DqR,295413,2012,60,0.474,0.871,1,-4.013,0,0.0405,0.00125,0.0,0.202,0.545,137.102,5,0.9926528930664062,Rock,99.26528930664062%,"['4GBFKKuwmZUnAJt6nBal7A', '2vTbuBRo7ACOZ3JsCnaL7S']","['Kamikazee', 'Kyla']"
0cMcFcm3YvB8o1yKkYNv0a,"Malay Mo, Tayo",401eCisGwwn6mkEi5A21Iw,274291,2019-11-14,58,0.55,0.205,4,-11.732,1,0.0292,0.922,0.00773,0.0816,0.261,125.766,3,0.9900174736976624,Acoustic,99.00174736976624%,7LvDTuFCBv08xm6u1pOMK0,TJ Monterde
0cMcFcm3YvB8o1yKkYNv0a,"Malay Mo, Tayo",401eCisGwwn6mkEi5A21Iw,274291,2019-11-14,58,0.55,0.205,4,-11.732,1,0.0292,0.922,0.00773,0.0816,0.261,125.766,3,0.9900174736976624,Acoustic,99.00174736976624%,7LvDTuFCBv08xm6u1pOMK0,TJ Monterde
1MkiRsYBkXbXvdiYvTTiQT,Someday,1yx0lKqG8Z1J3IOxx4gbzs,214773,2006-08-23,67,0.556,0.212,6,-11.197,1,0.0406,0.941,0.0,0.0982,0.514,133.392,3,0.9894334673881532,Acoustic,98.94334673881531%,2tQbSWgZLIB8MXMnsXVRro,Nina
1MkiRsYBkXbXvdiYvTTiQT,Someday,1yx0lKqG8Z1J3IOxx4gbzs,214773,2006-08-23,67,0.556,0.212,6,-11.197,1,0.0406,0.941,0.0,0.0982,0.514,133.392,3,0.9894334673881532,Acoustic,98.94334673881531%,2tQbSWgZLIB8MXMnsXVRro,Nina
1MkiRsYBkXbXvdiYvTTiQT,Someday,1yx0lKqG8Z1J3IOxx4gbzs,214773,2006-08-23,67,0.556,0.212,6,-11.197,1,0.0406,0.941,0.0,0.0982,0.514,133.392,3,0.9894334673881532,Acoustic,98.94334673881531%,2tQbSWgZLIB8MXMnsXVRro,Nina
0mUfY2PdHs57EG15zj1dRj,Laro,6192rIsjm6EaV6OclNLHoK,320573,2016-09-30,0,0.569,0.823,0,-2.785,1,0.0271,0.00193,0.00703,0.215,0.623,139.988,5,0.9888949394226074,Rock,98.88949394226074%,3Hvxz2oZPYuo61ChHKcqQI,Autotelic
6xQs6y6CpDqK9VKCktApEL,Hiling,6E5TwOXhw6KyhX4P0p9vdK,235009,2015-01-15,63,0.58,0.244,4,-9.917,1,0.0361,0.808,0.0,0.092,0.385,82.121,3,0.9882296323776244,Acoustic,98.82296323776245%,2JEIN1g27pZdm3hKB9EwE5,Mark Carpio
6xQs6y6CpDqK9VKCktApEL,Hiling,6E5TwOXhw6KyhX4P0p9vdK,235009,2015-01-15,63,0.58,0.244,4,-9.917,1,0.0361,0.808,0.0,0.092,0.385,82.121,3,0.9882296323776244,Acoustic,98.82296323776245%,2JEIN1g27pZdm3hKB9EwE5,Mark Carpio
6xQs6y6CpDqK9VKCktApEL,Hiling,6E5TwOXhw6KyhX4P0p9vdK,235009,2015-01-15,63,0.58,0.244,4,-9.917,1,0.0361,0.808,0.0,0.092,0.385,82.121,3,0.9882296323776244,Acoustic,98.82296323776245%,2JEIN1g27pZdm3hKB9EwE5,Mark Carpio
1bBDyj7kZdMOAMX3czsWFg,Tagpuan - Duet Version,74a7YyH2hgbQYyLHJVSak1,275485,2019-06-21,52,0.477,0.202,8,-9.764,1,0.0314,0.788,0.00052,0.0861,0.272,131.358,3,0.986068606376648,Acoustic,98.6068606376648%,"['0rZRTXEmmPmx6gt92tBqIc', '4eK6vQqh6wpgldKVWm7560']","['Moira Dela Torre', 'Jason Marvin']"
1bBDyj7kZdMOAMX3czsWFg,Tagpuan - Duet Version,74a7YyH2hgbQYyLHJVSak1,275485,2019-06-21,52,0.477,0.202,8,-9.764,1,0.0314,0.788,0.00052,0.0861,0.272,131.358,3,0.986068606376648,Acoustic,98.6068606376648%,"['0rZRTXEmmPmx6gt92tBqIc', '4eK6vQqh6wpgldKVWm7560']","['Moira Dela Torre', 'Jason Marvin']"
6CHpr3pY2MbJ5y1076UDnI,The Day You Said Goodnight - Acoustic Version,5www5PCOdkBpuNCanxeo6L,328533,2006-02-26,63,0.424,0.221,4,-9.279,1,0.0351,0.882,0.0,0.134,0.299,125.964,3,0.9786407351493835,Acoustic,97.86407351493835%,6Ww3OMFzCaO33ulKh1LBFN,Hale
6CHpr3pY2MbJ5y1076UDnI,The Day You Said Goodnight - Acoustic Version,5www5PCOdkBpuNCanxeo6L,328533,2006-02-26,63,0.424,0.221,4,-9.279,1,0.0351,0.882,0.0,0.134,0.299,125.964,3,0.9786407351493835,Acoustic,97.86407351493835%,6Ww3OMFzCaO33ulKh1LBFN,Hale
6CHpr3pY2MbJ5y1076UDnI,The Day You Said Goodnight - Acoustic Version,5www5PCOdkBpuNCanxeo6L,328533,2006-02-26,63,0.424,0.221,4,-9.279,1,0.0351,0.882,0.0,0.134,0.299,125.964,3,0.9786407351493835,Acoustic,97.86407351493835%,6Ww3OMFzCaO33ulKh1LBFN,Hale
6CHpr3pY2MbJ5y1076UDnI,The Day You Said Goodnight - Acoustic Version,5www5PCOdkBpuNCanxeo6L,328533,2006-02-26,63,0.424,0.221,4,-9.279,1,0.0351,0.882,0.0,0.134,0.299,125.964,3,0.9786407351493835,Acoustic,97.86407351493835%,6Ww3OMFzCaO33ulKh1LBFN,Hale
6CHpr3pY2MbJ5y1076UDnI,The Day You Said Goodnight - Acoustic Version,5www5PCOdkBpuNCanxeo6L,328533,2006-02-26,63,0.424,0.221,4,-9.279,1,0.0351,0.882,0.0,0.134,0.299,125.964,3,0.9786407351493835,Acoustic,97.86407351493835%,6Ww3OMFzCaO33ulKh1LBFN,Hale
1xixJwhW5UOOnXpN7GNsPg,Kunwari,2fdzLVIFgBgRbZ5s3wd6mV,214046,2017-11-15,43,0.642,0.845,3,-5.144,1,0.0261,0.0778,0.0,0.255,0.837,120.008,5,0.9778849482536316,Rock,97.78849482536316%,1tXFYQZSAswt4JLB42lpye,Sponge Cola
0airDlKC7gQNcooMHyIydT,Fly You to the Moon,5GHJ6bygyiZAtYFjYgIUjd,172408,2019-06-30,64,0.419,0.207,1,-12.746,0,0.127,0.94,3.32e-05,0.352,0.532,80.154,3,0.977246642112732,Acoustic,97.7246642112732%,1juIpte4oHJ5ngVLPTUPuJ,Justin Vasquez
0airDlKC7gQNcooMHyIydT,Fly You to the Moon,5GHJ6bygyiZAtYFjYgIUjd,172408,2019-06-30,64,0.419,0.207,1,-12.746,0,0.127,0.94,3.32e-05,0.352,0.532,80.154,3,0.977246642112732,Acoustic,97.7246642112732%,1juIpte4oHJ5ngVLPTUPuJ,Justin Vasquez
0V9rj37SqxF06EOV809odq,Di Ka Sayang,272Ej3MRWKl2sMQ284qyxr,254000,2020-11-06,72,0.544,0.781,8,-4.86,1,0.0352,0.00781,8.38e-05,0.132,0.422,124.869,5,0.9755292534828186,Rock,97.55292534828186%,4DAcJXcjX0zlQAZAPAx4Zb,Ben&Ben
0V9rj37SqxF06EOV809odq,Di Ka Sayang,272Ej3MRWKl2sMQ284qyxr,254000,2020-11-06,72,0.544,0.781,8,-4.86,1,0.0352,0.00781,8.38e-05,0.132,0.422,124.869,5,0.9755292534828186,Rock,97.55292534828186%,4DAcJXcjX0zlQAZAPAx4Zb,Ben&Ben
4hEcAsNF6RG9VCV7xElgCG,You Are My Sunshine,05rQadwAVYTpNNnBoeTuj0,164320,2018-02-19,62,0.492,0.235,2,-9.67,1,0.0315,0.921,3.69e-06,0.179,0.362,117.863,3,0.9753345847129822,Acoustic,97.53345847129822%,0rZRTXEmmPmx6gt92tBqIc,Moira Dela Torre
25agDEpgr54nRvyQJHmNmR,Di Biro,2F6OKkFouf9ll5uYQ7myQB,166013,2020-05-22,43,0.595,0.19,4,-14.627,1,0.0384,0.908,0.00703,0.355,0.272,108.626,3,0.9753163456916808,Acoustic,97.53163456916809%,2M4mQMnLHQQXsFsRmTTqsR,Jana Garcia
2iOnWSWcChoGmUufbrQ00e,Tagu-Taguan,05rQadwAVYTpNNnBoeTuj0,249160,2018-02-19,59,0.633,0.28,2,-11.192,1,0.0389,0.831,8.83e-05,0.113,0.152,87.963,3,0.9749812483787536,Acoustic,97.49812483787537%,0rZRTXEmmPmx6gt92tBqIc,Moira Dela Torre
1ycpU8beNm9bXKvy7s25Jl,Gitara,0SudJuJEQweUzqF3hzeRGx,242826,2005,62,0.768,0.312,7,-8.268,1,0.034,0.865,1.09e-05,0.0963,0.633,113.469,3,0.9721652865409852,Acoustic,97.21652865409851%,2XHTklRsNMOOQT56Zm3WS4,Parokya Ni Edgar
1ycpU8beNm9bXKvy7s25Jl,Gitara,0SudJuJEQweUzqF3hzeRGx,242826,2005,62,0.768,0.312,7,-8.268,1,0.034,0.865,1.09e-05,0.0963,0.633,113.469,3,0.9721652865409852,Acoustic,97.21652865409851%,2XHTklRsNMOOQT56Zm3WS4,Parokya Ni Edgar
1ycpU8beNm9bXKvy7s25Jl,Gitara,0SudJuJEQweUzqF3hzeRGx,242826,2005,62,0.768,0.312,7,-8.268,1,0.034,0.865,1.09e-05,0.0963,0.633,113.469,3,0.9721652865409852,Acoustic,97.21652865409851%,2XHTklRsNMOOQT56Zm3WS4,Parokya Ni Edgar
06cUybZMETs4i3yQO1f7p3,Weak,5ZxNoCcUNppsFWVkMkEoed,211200,2018-08-28,67,0.71,0.373,5,-10.611,0,0.0618,0.179,0.0,0.156,0.141,127.064,4,0.971898078918457,R&B,97.1898078918457%,30DIeQNV9s1HEXyuCpGF4l,Khel Pangilinan
06cUybZMETs4i3yQO1f7p3,Weak,5ZxNoCcUNppsFWVkMkEoed,211200,2018-08-28,67,0.71,0.373,5,-10.611,0,0.0618,0.179,0.0,0.156,0.141,127.064,4,0.971898078918457,R&B,97.1898078918457%,30DIeQNV9s1HEXyuCpGF4l,Khel Pangilinan
6KfGuMyhHwuQtMSBvQ02pI,Paubaya,10rSYwOZH2D4t1J3iu70Jz,282490,2020-10-23,75,0.373,0.245,5,-12.45,1,0.0354,0.766,0.000365,0.0768,0.174,127.067,3,0.9709045886993408,Acoustic,97.09045886993408%,0rZRTXEmmPmx6gt92tBqIc,Moira Dela Torre
6KfGuMyhHwuQtMSBvQ02pI,Paubaya,10rSYwOZH2D4t1J3iu70Jz,282490,2020-10-23,75,0.373,0.245,5,-12.45,1,0.0354,0.766,0.000365,0.0768,0.174,127.067,3,0.9709045886993408,Acoustic,97.09045886993408%,0rZRTXEmmPmx6gt92tBqIc,Moira Dela Torre
6KfGuMyhHwuQtMSBvQ02pI,Paubaya,10rSYwOZH2D4t1J3iu70Jz,282490,2020-10-23,75,0.373,0.245,5,-12.45,1,0.0354,0.766,0.000365,0.0768,0.174,127.067,3,0.9709045886993408,Acoustic,97.09045886993408%,0rZRTXEmmPmx6gt92tBqIc,Moira Dela Torre
6KfGuMyhHwuQtMSBvQ02pI,Paubaya,10rSYwOZH2D4t1J3iu70Jz,282490,2020-10-23,75,0.373,0.245,5,-12.45,1,0.0354,0.766,0.000365,0.0768,0.174,127.067,3,0.9709045886993408,Acoustic,97.09045886993408%,0rZRTXEmmPmx6gt92tBqIc,Moira Dela Torre
4uyp73pmsVkogpZfKSLdyh,Tagpuan,0rOWcyhZyjvuJs5SParNfY,259317,2018-01-25,46,0.492,0.118,8,-8.821,1,0.0378,0.864,0.0,0.07,0.234,135.253,3,0.9680994749069214,Acoustic,96.80994749069214%,0rZRTXEmmPmx6gt92tBqIc,Moira Dela Torre
0wUSZjJVblGKntOqBSWMdo,Bawat Daan,4acHD3ykZw3DYLcLW1Mqv3,300240,2015-01-01,63,0.229,0.697,6,-5.298,1,0.0304,0.0342,0.0,0.0749,0.292,152.236,5,0.9666765332221984,Rock,96.66765332221985%,543f0NvGig5Moo9XROTUur,Ebe Dancel
0wUSZjJVblGKntOqBSWMdo,Bawat Daan,4acHD3ykZw3DYLcLW1Mqv3,300240,2015-01-01,63,0.229,0.697,6,-5.298,1,0.0304,0.0342,0.0,0.0749,0.292,152.236,5,0.9666765332221984,Rock,96.66765332221985%,543f0NvGig5Moo9XROTUur,Ebe Dancel
4mf6HE25CkxeezcdWyfUGO,Can't Take My Eyes Off You,1TugUfcLQPcMeZWhRbjC5e,163559,2017-10-02,74,0.719,0.135,5,-12.074,0,0.0656,0.828,0.0,0.0935,0.594,88.251,3,0.9649887681007384,Acoustic,96.49887681007385%,40JlNF1w2OiSOyj1nC4y0I,Joseph Vincent
14BG5B1EJSCyNpZt096xXc,"Patawad, Paalam",4Lavp71TTVIdkw8yNY8LhA,323140,2019-06-14,58,0.472,0.288,2,-8.213,1,0.0318,0.865,1.01e-05,0.131,0.193,77.987,3,0.9634727239608764,Acoustic,96.34727239608765%,"['0rZRTXEmmPmx6gt92tBqIc', '7tKpXx21KVUOR6vvDs6xtg']","['Moira Dela Torre', 'I Belong to the Zoo']"
14BG5B1EJSCyNpZt096xXc,"Patawad, Paalam",4Lavp71TTVIdkw8yNY8LhA,323140,2019-06-14,58,0.472,0.288,2,-8.213,1,0.0318,0.865,1.01e-05,0.131,0.193,77.987,3,0.9634727239608764,Acoustic,96.34727239608765%,"['0rZRTXEmmPmx6gt92tBqIc', '7tKpXx21KVUOR6vvDs6xtg']","['Moira Dela Torre', 'I Belong to the Zoo']"
7tYjXd42SzEhrWEFQeZxNm,Simula Pa Nung Una,52qmX1Tbwfk9S0iyVd0JHC,255661,2018-04-22,59,0.571,0.143,11,-8.704,1,0.0381,0.885,0.0,0.119,0.487,107.516,3,0.9625943899154664,Acoustic,96.25943899154663%,3bsQY9pFWVzUMxlSgGQuBn,Patch Quiwa
7tYjXd42SzEhrWEFQeZxNm,Simula Pa Nung Una,52qmX1Tbwfk9S0iyVd0JHC,255661,2018-04-22,59,0.571,0.143,11,-8.704,1,0.0381,0.885,0.0,0.119,0.487,107.516,3,0.9625943899154664,Acoustic,96.25943899154663%,3bsQY9pFWVzUMxlSgGQuBn,Patch Quiwa
2Pelm9xgLSC78mRk0jbOKb,Sila - Acoustic,1HHK0oozKwo9piao0wO25d,319608,2016-03-18,51,0.751,0.281,9,-9.282,1,0.0429,0.743,0.0,0.26,0.386,124.89,3,0.9614923000335692,Acoustic,96.14923000335693%,0jKQrxK2zHqxyOAyIMrUQt,SUD
2Pelm9xgLSC78mRk0jbOKb,Sila - Acoustic,1HHK0oozKwo9piao0wO25d,319608,2016-03-18,51,0.751,0.281,9,-9.282,1,0.0429,0.743,0.0,0.26,0.386,124.89,3,0.9614923000335692,Acoustic,96.14923000335693%,0jKQrxK2zHqxyOAyIMrUQt,SUD
6wdCelHrPh7UfliNjwRTUv,Leaves,5Yl1Bi501CuE72jaVK4e3y,310708,2017-03-31,71,0.447,0.16,6,-10.896,1,0.0372,0.913,0.0,0.0891,0.205,118.313,3,0.961487889289856,Acoustic,96.1487889289856%,4DAcJXcjX0zlQAZAPAx4Zb,Ben&Ben
6wdCelHrPh7UfliNjwRTUv,Leaves,5Yl1Bi501CuE72jaVK4e3y,310708,2017-03-31,71,0.447,0.16,6,-10.896,1,0.0372,0.913,0.0,0.0891,0.205,118.313,3,0.961487889289856,Acoustic,96.1487889289856%,4DAcJXcjX0zlQAZAPAx4Zb,Ben&Ben
6wdCelHrPh7UfliNjwRTUv,Leaves,5Yl1Bi501CuE72jaVK4e3y,310708,2017-03-31,71,0.447,0.16,6,-10.896,1,0.0372,0.913,0.0,0.0891,0.205,118.313,3,0.961487889289856,Acoustic,96.1487889289856%,4DAcJXcjX0zlQAZAPAx4Zb,Ben&Ben
6wdCelHrPh7UfliNjwRTUv,Leaves,5Yl1Bi501CuE72jaVK4e3y,310708,2017-03-31,71,0.447,0.16,6,-10.896,1,0.0372,0.913,0.0,0.0891,0.205,118.313,3,0.961487889289856,Acoustic,96.1487889289856%,4DAcJXcjX0zlQAZAPAx4Zb,Ben&Ben
00bAw28lKcHj3B94a1wJle,Say You Wonâ€™t Let Go,1Kbd7hJJipnio37279Oclz,261985,2017-02-24,57,0.461,0.293,1,-9.0,1,0.0496,0.839,0.0,0.118,0.415,153.521,3,0.9552170038223268,Acoustic,95.52170038223267%,39rKElzF7q6K4O2flycSEc,Chlara
1mTROTnvFi7uxGciL319Kb,Sa Dulo Ng Walang Hanggan - Sa Ngalan Ng Pag-Ibig Piano Version,2hT2tmiAlFVF4waIOHNWqA,342067,2018-12-09,62,0.605,0.336,11,-8.732,1,0.0362,0.828,0.0,0.104,0.198,127.907,3,0.9535110592842102,Acoustic,95.35110592842102%,4qFxP3qN9GsnZDOkAE6x2m,December Avenue
1uRwUQicwng6S44RtsANQv,Hatid,2m8pNsbpAvJYe7rbRpkhFF,287624,2018-10-26,60,0.34,0.218,11,-14.892,1,0.0534,0.874,0.000136,0.0886,0.137,101.747,3,0.9495694637298584,Acoustic,94.95694637298584%,1YlibpAvhJBbMZMBwN1KGv,The Juans
1F9SIR4geHCMuZcdkRzvPz,Jeepney,4Jfm8pzDGoeDqWKf6Q5qO6,322933,2013,60,0.446,0.739,2,-5.803,1,0.0367,0.449,0.0,0.52,0.27,85.344,5,0.9466429352760316,Rock,94.66429352760315%,1tXFYQZSAswt4JLB42lpye,Sponge Cola
1F9SIR4geHCMuZcdkRzvPz,Jeepney,4Jfm8pzDGoeDqWKf6Q5qO6,322933,2013,60,0.446,0.739,2,-5.803,1,0.0367,0.449,0.0,0.52,0.27,85.344,5,0.9466429352760316,Rock,94.66429352760315%,1tXFYQZSAswt4JLB42lpye,Sponge Cola
1F9SIR4geHCMuZcdkRzvPz,Jeepney,4Jfm8pzDGoeDqWKf6Q5qO6,322933,2013,60,0.446,0.739,2,-5.803,1,0.0367,0.449,0.0,0.52,0.27,85.344,5,0.9466429352760316,Rock,94.66429352760315%,1tXFYQZSAswt4JLB42lpye,Sponge Cola
1F9SIR4geHCMuZcdkRzvPz,Jeepney,4Jfm8pzDGoeDqWKf6Q5qO6,322933,2013,60,0.446,0.739,2,-5.803,1,0.0367,0.449,0.0,0.52,0.27,85.344,5,0.9466429352760316,Rock,94.66429352760315%,1tXFYQZSAswt4JLB42lpye,Sponge Cola
2Gh039ZAfydrM5IjiGlvEj,Akala,0giiQAqGqHumXAA5WDUPsV,341167,2018-07-20,1,0.502,0.185,10,-11.423,1,0.0635,0.864,0.0,0.105,0.185,125.044,3,0.944152295589447,Acoustic,94.4152295589447%,0lslA51eKXwTUY0TSX9Emy,Marion Aunor
4UgtdWy4dm7vMVIupUbtMm,Huling Sayaw - Acoustic,0HYAcVSUVkfxzHKgHu6DqR,260253,2012,61,0.611,0.308,4,-7.999,1,0.0272,0.865,0.0,0.125,0.315,135.015,3,0.9428072571754456,Acoustic,94.28072571754456%,4GBFKKuwmZUnAJt6nBal7A,Kamikazee
4UgtdWy4dm7vMVIupUbtMm,Huling Sayaw - Acoustic,0HYAcVSUVkfxzHKgHu6DqR,260253,2012,61,0.611,0.308,4,-7.999,1,0.0272,0.865,0.0,0.125,0.315,135.015,3,0.9428072571754456,Acoustic,94.28072571754456%,4GBFKKuwmZUnAJt6nBal7A,Kamikazee
4UgtdWy4dm7vMVIupUbtMm,Huling Sayaw - Acoustic,0HYAcVSUVkfxzHKgHu6DqR,260253,2012,61,0.611,0.308,4,-7.999,1,0.0272,0.865,0.0,0.125,0.315,135.015,3,0.9428072571754456,Acoustic,94.28072571754456%,4GBFKKuwmZUnAJt6nBal7A,Kamikazee
55wiiyCgZIFAbQxDUctLjd,Binalewala - Acoustic Version,1793zMKn7sOceKYWdN7yQX,290063,2019-10-07,57,0.46,0.282,10,-8.714,1,0.0411,0.868,0.0,0.0776,0.345,137.086,3,0.9425522685050964,Acoustic,94.25522685050964%,6ZdzYE3CEgY0Umgi3Dsgv8,Michael Dutchi Libranda
55wiiyCgZIFAbQxDUctLjd,Binalewala - Acoustic Version,1793zMKn7sOceKYWdN7yQX,290063,2019-10-07,57,0.46,0.282,10,-8.714,1,0.0411,0.868,0.0,0.0776,0.345,137.086,3,0.9425522685050964,Acoustic,94.25522685050964%,6ZdzYE3CEgY0Umgi3Dsgv8,Michael Dutchi Libranda
45Nm4dwbrahPabtJQj8Cf0,Ang Pinagmulan,5jgXF7anE9kA011VqS44y0,231289,2020-02-07,49,0.55,0.763,7,-5.958,0,0.0345,0.00366,0.0206,0.226,0.532,95.0,5,0.940840482711792,Rock,94.0840482711792%,4k9wp4ipHdA1bu1T4x1ZTG,IV Of Spades
45Nm4dwbrahPabtJQj8Cf0,Ang Pinagmulan,5jgXF7anE9kA011VqS44y0,231289,2020-02-07,49,0.55,0.763,7,-5.958,0,0.0345,0.00366,0.0206,0.226,0.532,95.0,5,0.940840482711792,Rock,94.0840482711792%,4k9wp4ipHdA1bu1T4x1ZTG,IV Of Spades
47UUjZbqZjcrzELnFBB1Ht,Teka Lang,0rceew9Oyt5S1NCUaou2Zm,196582,2020-03-25,73,0.586,0.169,2,-15.515,1,0.0324,0.76,0.0,0.0909,0.197,87.003,3,0.9376246333122252,Acoustic,93.76246333122253%,3FwNjtXQCdxpDOXmgJQGnG,Emman
47UUjZbqZjcrzELnFBB1Ht,Teka Lang,0rceew9Oyt5S1NCUaou2Zm,196582,2020-03-25,73,0.586,0.169,2,-15.515,1,0.0324,0.76,0.0,0.0909,0.197,87.003,3,0.9376246333122252,Acoustic,93.76246333122253%,3FwNjtXQCdxpDOXmgJQGnG,Emman
2vVW17crZs4KInids0h9SE,241 (My Favorite Song),1LgCV39PaUNSUOhlxZ28qc,272600,2005-12-12,0,0.701,0.312,9,-7.707,1,0.0261,0.631,2.14e-06,0.11,0.166,130.159,3,0.9364972114562988,Acoustic,93.64972114562988%,1ZTdxfZTeztyAgKUJVLxAI,Rivermaya
0sNZsYY8LSCCM4tC2y0zR1,Binhi,3H8htbv4nP3HIjpOCbxm67,216774,2019-10-25,63,0.545,0.309,5,-10.235,1,0.0313,0.961,0.000733,0.189,0.232,123.767,3,0.9335379004478456,Acoustic,93.35379004478455%,7uDdl5V5AETSFY7K3muu22,Arthur Nery
4enEJGj42a9Nk9Gh7DNhWL,Let Me Be The One,6sFyORSgKHCSeYLMmNHJyj,312346,2004-11-29,63,0.505,0.283,9,-8.37,1,0.0429,0.827,0.0,0.0732,0.316,123.964,3,0.9314270615577698,Acoustic,93.14270615577698%,6DiAVYfSzZi8h1fGuTD6LI,Jimmy Bondoc
0ztDBQdQmdVZvorSmIjMih,Tagpuan,05rQadwAVYTpNNnBoeTuj0,260240,2018-02-19,66,0.566,0.121,8,-8.206,1,0.0345,0.862,0.0,0.0788,0.293,135.268,3,0.9303823113441468,Acoustic,93.03823113441467%,0rZRTXEmmPmx6gt92tBqIc,Moira Dela Torre
0ztDBQdQmdVZvorSmIjMih,Tagpuan,05rQadwAVYTpNNnBoeTuj0,260240,2018-02-19,66,0.566,0.121,8,-8.206,1,0.0345,0.862,0.0,0.0788,0.293,135.268,3,0.9303823113441468,Acoustic,93.03823113441467%,0rZRTXEmmPmx6gt92tBqIc,Moira Dela Torre
0ztDBQdQmdVZvorSmIjMih,Tagpuan,05rQadwAVYTpNNnBoeTuj0,260240,2018-02-19,66,0.566,0.121,8,-8.206,1,0.0345,0.862,0.0,0.0788,0.293,135.268,3,0.9303823113441468,Acoustic,93.03823113441467%,0rZRTXEmmPmx6gt92tBqIc,Moira Dela Torre
0ztDBQdQmdVZvorSmIjMih,Tagpuan,05rQadwAVYTpNNnBoeTuj0,260240,2018-02-19,66,0.566,0.121,8,-8.206,1,0.0345,0.862,0.0,0.0788,0.293,135.268,3,0.9303823113441468,Acoustic,93.03823113441467%,0rZRTXEmmPmx6gt92tBqIc,Moira Dela Torre
01YEqVPCm0vqRLA9w43bic,Hanggang Kailan,2fI8PsKYLPMt9Gv4NVrtjk,230453,2016-08-19,58,0.404,0.174,9,-10.192,1,0.0312,0.893,0.0,0.0977,0.324,87.636,3,0.9289976358413696,Acoustic,92.89976358413696%,1t2caVgyabZrVDAlmMGraV,Michael Pangilinan
06ANmvjPpUeh8QQAAAcThx,Isa Pang Araw,7jsmAqjoGIfYEfklcRmaR1,220813,2018-07-16,0,0.515,0.715,4,-4.04,0,0.046,0.277,0.0,0.0725,0.416,141.772,4,0.9190077185630798,R&B,91.90077185630798%,6aiCKnIN68hohzU3ZzNq48,Sarah Geronimo
6VqZS3Wmf53pbfDBVEYvnP,Hindi Tayo Pwede,2m8pNsbpAvJYe7rbRpkhFF,303937,2018-10-26,72,0.283,0.281,11,-11.414,1,0.035,0.437,0.00114,0.102,0.127,79.919,3,0.9185499548912048,Acoustic,91.85499548912048%,1YlibpAvhJBbMZMBwN1KGv,The Juans
7IQTt9WiyBf92QfzwTUdqZ,Kahit Sa Panaginip,3hTA6Q0yakKIckAQOq8m9S,278346,2019-11-17,49,0.469,0.769,8,-4.832,0,0.033,0.0362,3.03e-05,0.088,0.474,75.996,5,0.9184757471084596,Rock,91.84757471084595%,4qFxP3qN9GsnZDOkAE6x2m,December Avenue
4JSDhJVmo2UqdF7nxbyenn,Kung Wala Ka,4iaCi771IT9I2xwtnXnjlx,242800,2004,67,0.5,0.339,7,-7.301,1,0.0263,0.71,0.00222,0.108,0.152,136.427,3,0.9184407591819764,Acoustic,91.84407591819763%,6Ww3OMFzCaO33ulKh1LBFN,Hale
4JSDhJVmo2UqdF7nxbyenn,Kung Wala Ka,4iaCi771IT9I2xwtnXnjlx,242800,2004,67,0.5,0.339,7,-7.301,1,0.0263,0.71,0.00222,0.108,0.152,136.427,3,0.9184407591819764,Acoustic,91.84407591819763%,6Ww3OMFzCaO33ulKh1LBFN,Hale
4JSDhJVmo2UqdF7nxbyenn,Kung Wala Ka,4iaCi771IT9I2xwtnXnjlx,242800,2004,67,0.5,0.339,7,-7.301,1,0.0263,0.71,0.00222,0.108,0.152,136.427,3,0.9184407591819764,Acoustic,91.84407591819763%,6Ww3OMFzCaO33ulKh1LBFN,Hale
4JSDhJVmo2UqdF7nxbyenn,Kung Wala Ka,4iaCi771IT9I2xwtnXnjlx,242800,2004,67,0.5,0.339,7,-7.301,1,0.0263,0.71,0.00222,0.108,0.152,136.427,3,0.9184407591819764,Acoustic,91.84407591819763%,6Ww3OMFzCaO33ulKh1LBFN,Hale
4JSDhJVmo2UqdF7nxbyenn,Kung Wala Ka,4iaCi771IT9I2xwtnXnjlx,242800,2004,67,0.5,0.339,7,-7.301,1,0.0263,0.71,0.00222,0.108,0.152,136.427,3,0.9184407591819764,Acoustic,91.84407591819763%,6Ww3OMFzCaO33ulKh1LBFN,Hale
4JSDhJVmo2UqdF7nxbyenn,Kung Wala Ka,4iaCi771IT9I2xwtnXnjlx,242800,2004,67,0.5,0.339,7,-7.301,1,0.0263,0.71,0.00222,0.108,0.152,136.427,3,0.9184407591819764,Acoustic,91.84407591819763%,6Ww3OMFzCaO33ulKh1LBFN,Hale
4JSDhJVmo2UqdF7nxbyenn,Kung Wala Ka,4iaCi771IT9I2xwtnXnjlx,242800,2004,67,0.5,0.339,7,-7.301,1,0.0263,0.71,0.00222,0.108,0.152,136.427,3,0.9184407591819764,Acoustic,91.84407591819763%,6Ww3OMFzCaO33ulKh1LBFN,Hale
2wTxJWt2gA9a1Z94dTnPiI,Oks Lang,4P5GC4o3QsoFpxadnDeE9D,336369,2018-02-14,1,0.313,0.237,9,-14.538,1,0.0451,0.855,0.000386,0.0961,0.165,80.13,3,0.918306052684784,Acoustic,91.8306052684784%,2U5mF0PZqGu6glnz55yY0y,John Roa
7uuirrtCr8O8fz7kQS6VUR,Pare Ko,0HDclsvr13EmV3DBMSVWPX,325000,1993-12-01,59,0.479,0.493,7,-11.694,1,0.0293,0.0263,3.76e-06,0.0718,0.438,144.546,5,0.917805790901184,Rock,91.78057909011841%,7374lH6kwx9uQATYQ9H3Cp,Eraserheads
7uuirrtCr8O8fz7kQS6VUR,Pare Ko,0HDclsvr13EmV3DBMSVWPX,325000,1993-12-01,59,0.479,0.493,7,-11.694,1,0.0293,0.0263,3.76e-06,0.0718,0.438,144.546,5,0.917805790901184,Rock,91.78057909011841%,7374lH6kwx9uQATYQ9H3Cp,Eraserheads
7uuirrtCr8O8fz7kQS6VUR,Pare Ko,0HDclsvr13EmV3DBMSVWPX,325000,1993-12-01,59,0.479,0.493,7,-11.694,1,0.0293,0.0263,3.76e-06,0.0718,0.438,144.546,5,0.917805790901184,Rock,91.78057909011841%,7374lH6kwx9uQATYQ9H3Cp,Eraserheads
4ub59HeXqdYApJtkJqnvXE,I'll Never Go,6qw65dN51ZBeGHCDIzNuHd,263056,2016-01-01,51,0.454,0.323,11,-11.965,1,0.0327,0.723,0.0,0.0855,0.28,139.89,3,0.9174646735191344,Acoustic,91.74646735191345%,7ygtjsCTrCQZAYYPOne9uE,Erik Santos
3WUEs51GpcvlgU7lehLgLh,Kathang Isip,4nQxblVnnFPehg9ujzdJ8L,318814,2017-06-23,73,0.491,0.314,10,-8.58,1,0.0301,0.776,4.76e-06,0.152,0.295,126.921,3,0.9169253706932068,Acoustic,91.69253706932068%,4DAcJXcjX0zlQAZAPAx4Zb,Ben&Ben
3WUEs51GpcvlgU7lehLgLh,Kathang Isip,4nQxblVnnFPehg9ujzdJ8L,318814,2017-06-23,73,0.491,0.314,10,-8.58,1,0.0301,0.776,4.76e-06,0.152,0.295,126.921,3,0.9169253706932068,Acoustic,91.69253706932068%,4DAcJXcjX0zlQAZAPAx4Zb,Ben&Ben
3WUEs51GpcvlgU7lehLgLh,Kathang Isip,4nQxblVnnFPehg9ujzdJ8L,318814,2017-06-23,73,0.491,0.314,10,-8.58,1,0.0301,0.776,4.76e-06,0.152,0.295,126.921,3,0.9169253706932068,Acoustic,91.69253706932068%,4DAcJXcjX0zlQAZAPAx4Zb,Ben&Ben
3WUEs51GpcvlgU7lehLgLh,Kathang Isip,4nQxblVnnFPehg9ujzdJ8L,318814,2017-06-23,73,0.491,0.314,10,-8.58,1,0.0301,0.776,4.76e-06,0.152,0.295,126.921,3,0.9169253706932068,Acoustic,91.69253706932068%,4DAcJXcjX0zlQAZAPAx4Zb,Ben&Ben
3WUEs51GpcvlgU7lehLgLh,Kathang Isip,4nQxblVnnFPehg9ujzdJ8L,318814,2017-06-23,73,0.491,0.314,10,-8.58,1,0.0301,0.776,4.76e-06,0.152,0.295,126.921,3,0.9169253706932068,Acoustic,91.69253706932068%,4DAcJXcjX0zlQAZAPAx4Zb,Ben&Ben
3WUEs51GpcvlgU7lehLgLh,Kathang Isip,4nQxblVnnFPehg9ujzdJ8L,318814,2017-06-23,73,0.491,0.314,10,-8.58,1,0.0301,0.776,4.76e-06,0.152,0.295,126.921,3,0.9169253706932068,Acoustic,91.69253706932068%,4DAcJXcjX0zlQAZAPAx4Zb,Ben&Ben
7hoP5NDUXEbmOawvEAsi8h,'Di Na Babalik,0pFRzLxgSt9QlXKuukR8A4,340262,2019-02-03,59,0.358,0.435,10,-7.265,1,0.0349,0.00819,0.000936,0.112,0.14,76.132,5,0.9167553782463074,Rock,91.67553782463074%,5HIZU0JzM0AgfItVOm4E08,This Band
5S4T2Pdr8qhetF3UhkwuMj,'Di Na Babalik,7zJxOlHuAGpCC7ZtKHm0Rz,340262,2019-02-03,0,0.358,0.435,10,-7.265,1,0.0349,0.00819,0.000936,0.112,0.14,76.132,5,0.9167553782463074,Rock,91.67553782463074%,5HIZU0JzM0AgfItVOm4E08,This Band
0pzEVarX9S2ZFYZFhefZhU,Foolish Heart,6xN075I3XzG40aEOzWXERj,275733,2002-08-05,58,0.662,0.227,4,-11.978,1,0.0274,0.525,0.0,0.112,0.318,85.915,3,0.9134935736656188,Acoustic,91.34935736656189%,2tQbSWgZLIB8MXMnsXVRro,Nina
0pzEVarX9S2ZFYZFhefZhU,Foolish Heart,6xN075I3XzG40aEOzWXERj,275733,2002-08-05,58,0.662,0.227,4,-11.978,1,0.0274,0.525,0.0,0.112,0.318,85.915,3,0.9134935736656188,Acoustic,91.34935736656189%,2tQbSWgZLIB8MXMnsXVRro,Nina
0pzEVarX9S2ZFYZFhefZhU,Foolish Heart,6xN075I3XzG40aEOzWXERj,275733,2002-08-05,58,0.662,0.227,4,-11.978,1,0.0274,0.525,0.0,0.112,0.318,85.915,3,0.9134935736656188,Acoustic,91.34935736656189%,2tQbSWgZLIB8MXMnsXVRro,Nina
3DVnV3LELIUSvrzbofWdMM,Andiyan,199k0nQ3FaKMKghEkQ2X4V,248000,2019-07-12,49,0.497,0.156,5,-15.291,0,0.0395,0.931,5.36e-06,0.123,0.534,97.821,3,0.910889446735382,Acoustic,91.08894467353821%,2U5mF0PZqGu6glnz55yY0y,John Roa
311a0P87ZiMjjCaoQSZEfh,Your Song - My One and Only You,3mNbu0ZXCMNFS6308EQ4qU,222533,2018-02-12,51,0.506,0.343,6,-7.726,1,0.0282,0.744,0.0,0.0751,0.37,83.957,3,0.9101489186286926,Acoustic,91.01489186286926%,4NeCu267LZemnoq44lZYKy,Julie Anne San Jose
0knRQzgvbUed6K74mX81hG,Kabilang Buhay,1bXVfDuQen1YkHWKudAi2c,325024,2020-03-20,75,0.389,0.352,1,-14.428,0,0.0301,0.251,5.4e-06,0.197,0.203,139.647,5,0.9072551131248474,Rock,90.72551131248474%,4slXciON4jYY6mqE9LjSFx,Bandang Lapis
5QVuf1MpdzFtFoJGwcKosa,Stay - On the Wings of Love Teleserye Theme,0YOtu6QNH83HIjdWWI30qr,262086,2016-02-17,60,0.562,0.281,7,-8.813,1,0.0296,0.841,0.0,0.112,0.306,91.961,3,0.9061340093612672,Acoustic,90.61340093612671%,1vg8YXdgvLLPPeXZkM7g5W,Daryl Ong
3o2i5lJIHshmbL62vSzVMv,Nararahuyo,0rwZF21j5rI8VUpaYa9h9d,156923,2020-10-07,65,0.524,0.331,4,-11.344,1,0.326,0.622,0.0,0.141,0.407,86.872,4,0.9030015468597412,R&B,90.30015468597412%,"['1SrWbIDP84JcSDr0oTBAQw', '5IBvcnaqYrSaeyM0q6sHuf']","['Matthaios', 'Dudut']"
1C3wg8sCIPqpNQx0wAL4DC,The Way You Look at Me,0qEwvzXNVsPFK7eftFej7Q,207786,2004-03-25,67,0.485,0.29,1,-8.444,1,0.0321,0.817,0.0,0.111,0.333,134.168,3,0.9018208980560304,Acoustic,90.18208980560303%,4U78sK2D3zASSB6oSR38GQ,Christian Bautista
1C3wg8sCIPqpNQx0wAL4DC,The Way You Look at Me,0qEwvzXNVsPFK7eftFej7Q,207786,2004-03-25,67,0.485,0.29,1,-8.444,1,0.0321,0.817,0.0,0.111,0.333,134.168,3,0.9018208980560304,Acoustic,90.18208980560303%,4U78sK2D3zASSB6oSR38GQ,Christian Bautista
24bmXekGRqVFRlPYdfzyJr,Midnight Sky,60qph1sDjhgZtPR4IEnu5Y,244426,2018-08-13,61,0.495,0.149,5,-8.379,1,0.0409,0.904,3.77e-05,0.109,0.179,120.322,3,0.9009876847267152,Acoustic,90.09876847267151%,30mZI7Hw2MhoarTVYxfyZM,Unique Salonga
1WXs4O7mBxXglHJPwYweHq,Demonyo,67vvDiZLNyjNQ1gU6El7GC,218000,2017-01-27,64,0.415,0.508,0,-9.169,1,0.0363,0.0509,0.0162,0.103,0.114,188.744,5,0.8875352740287781,Rock,88.75352740287781%,0a4r2EnsevvHCukoJ1xFwJ,juan karlos
0aEX0skifH9CAc8HXxShqk,Maikee's Letters,7b60u5hxP6t4u25wnwdFux,300893,2018-05-25,0,0.707,0.503,0,-8.266,1,0.0742,0.171,0.00197,0.0586,0.295,121.931,4,0.8790279626846313,R&B,87.90279626846313%,3KovZIDNYgQY8chiNZo2ZF,Just Hush
5w4faQsr8wjIBBRDrZ6Udw,Patawad,3cXSfZKP4p0NTxup7ZY8fU,277480,2020-02-07,53,0.417,0.21,6,-9.4,1,0.033,0.412,0.0,0.104,0.144,127.009,3,0.8777022957801819,Acoustic,87.77022957801819%,0rZRTXEmmPmx6gt92tBqIc,Moira Dela Torre
0gDRtumoR9ZrvAlnniToMz,Ikaw At Ako,397zfeJ75BlnjfUEkgtwlG,269876,2019-01-14,67,0.445,0.355,4,-7.351,1,0.0289,0.887,0.00179,0.322,0.366,135.525,3,0.8752476572990417,Acoustic,87.52476572990417%,"['0rZRTXEmmPmx6gt92tBqIc', '4eK6vQqh6wpgldKVWm7560']","['Moira Dela Torre', 'Jason Marvin']"
0gDRtumoR9ZrvAlnniToMz,Ikaw At Ako,397zfeJ75BlnjfUEkgtwlG,269876,2019-01-14,67,0.445,0.355,4,-7.351,1,0.0289,0.887,0.00179,0.322,0.366,135.525,3,0.8752476572990417,Acoustic,87.52476572990417%,"['0rZRTXEmmPmx6gt92tBqIc', '4eK6vQqh6wpgldKVWm7560']","['Moira Dela Torre', 'Jason Marvin']"
0gDRtumoR9ZrvAlnniToMz,Ikaw At Ako,397zfeJ75BlnjfUEkgtwlG,269876,2019-01-14,67,0.445,0.355,4,-7.351,1,0.0289,0.887,0.00179,0.322,0.366,135.525,3,0.8752476572990417,Acoustic,87.52476572990417%,"['0rZRTXEmmPmx6gt92tBqIc', '4eK6vQqh6wpgldKVWm7560']","['Moira Dela Torre', 'Jason Marvin']"
1pi3VCMlGVaXvrjlVOkBPN,KLWKN,1TmGJJPRkYoxPEAo0xFnQV,256572,2019-01-31,74,0.493,0.394,2,-6.997,1,0.0366,0.575,0.0,0.267,0.375,152.03,3,0.8711295127868652,Acoustic,87.11295127868652%,52gTrzyF0DyfkFl1DQz9Oq,Music Hero
1pi3VCMlGVaXvrjlVOkBPN,KLWKN,1TmGJJPRkYoxPEAo0xFnQV,256572,2019-01-31,74,0.493,0.394,2,-6.997,1,0.0366,0.575,0.0,0.267,0.375,152.03,3,0.8711295127868652,Acoustic,87.11295127868652%,52gTrzyF0DyfkFl1DQz9Oq,Music Hero
5nMKJJ5Rl6X1yn58aVeICO,Bulong,6anqXAk4NZxdkUwvpfUqsB,270233,2018-04-08,64,0.5,0.728,9,-5.472,0,0.0313,0.0319,0.0,0.0782,0.351,134.877,5,0.8667187690734863,Rock,86.67187690734863%,4qFxP3qN9GsnZDOkAE6x2m,December Avenue
5nMKJJ5Rl6X1yn58aVeICO,Bulong,6anqXAk4NZxdkUwvpfUqsB,270233,2018-04-08,64,0.5,0.728,9,-5.472,0,0.0313,0.0319,0.0,0.0782,0.351,134.877,5,0.8667187690734863,Rock,86.67187690734863%,4qFxP3qN9GsnZDOkAE6x2m,December Avenue
0zFYa7NIpKhmom8zrZx7Ga,Why Can't It Be,77ZkVwowfs27AEXl6GHiET,248760,2017-03-17,58,0.563,0.314,3,-9.241,1,0.0312,0.612,1.14e-05,0.124,0.272,127.791,3,0.8655692338943481,Acoustic,86.55692338943481%,0xNog7ZdcTq9sJFiIXJJTH,Kaye Cal
0zFYa7NIpKhmom8zrZx7Ga,Why Can't It Be,77ZkVwowfs27AEXl6GHiET,248760,2017-03-17,58,0.563,0.314,3,-9.241,1,0.0312,0.612,1.14e-05,0.124,0.272,127.791,3,0.8655692338943481,Acoustic,86.55692338943481%,0xNog7ZdcTq9sJFiIXJJTH,Kaye Cal
6pz4tdLoIDJdnpXnisSDCK,Halaga,58vdgBfvgzQFZ2VreSPGmU,352120,1999,62,0.489,0.57,2,-9.197,1,0.0364,0.132,1.39e-06,0.274,0.643,134.486,5,0.8654330372810364,Rock,86.54330372810364%,2XHTklRsNMOOQT56Zm3WS4,Parokya Ni Edgar
6pz4tdLoIDJdnpXnisSDCK,Halaga,58vdgBfvgzQFZ2VreSPGmU,352120,1999,62,0.489,0.57,2,-9.197,1,0.0364,0.132,1.39e-06,0.274,0.643,134.486,5,0.8654330372810364,Rock,86.54330372810364%,2XHTklRsNMOOQT56Zm3WS4,Parokya Ni Edgar
0087fDVeNhuyMtST91RMjv,Kundiman,08SEZDvRXrrNs1C2y73MLi,339053,2007,63,0.335,0.571,11,-4.711,1,0.0243,0.564,0.0,0.137,0.454,93.572,5,0.8627074956893921,Rock,86.27074956893921%,4nGp682WMiKS4X217kPw8C,Silent Sanctuary
0087fDVeNhuyMtST91RMjv,Kundiman,08SEZDvRXrrNs1C2y73MLi,339053,2007,63,0.335,0.571,11,-4.711,1,0.0243,0.564,0.0,0.137,0.454,93.572,5,0.8627074956893921,Rock,86.27074956893921%,4nGp682WMiKS4X217kPw8C,Silent Sanctuary
2S80c51YXgJQhkhX603fMA,Prinsesa,1Im5BTDBghgM0NG75SaiC3,267293,2007-01-15,59,0.853,0.455,1,-9.625,1,0.0371,0.304,0.00317,0.125,0.511,118.32,5,0.8600906133651733,Rock,86.00906133651733%,3nZa8vRD64ueq3d0JNYTsl,6cyclemind
2S80c51YXgJQhkhX603fMA,Prinsesa,1Im5BTDBghgM0NG75SaiC3,267293,2007-01-15,59,0.853,0.455,1,-9.625,1,0.0371,0.304,0.00317,0.125,0.511,118.32,5,0.8600906133651733,Rock,86.00906133651733%,3nZa8vRD64ueq3d0JNYTsl,6cyclemind
2S80c51YXgJQhkhX603fMA,Prinsesa,1Im5BTDBghgM0NG75SaiC3,267293,2007-01-15,59,0.853,0.455,1,-9.625,1,0.0371,0.304,0.00317,0.125,0.511,118.32,5,0.8600906133651733,Rock,86.00906133651733%,3nZa8vRD64ueq3d0JNYTsl,6cyclemind
2S80c51YXgJQhkhX603fMA,Prinsesa,1Im5BTDBghgM0NG75SaiC3,267293,2007-01-15,59,0.853,0.455,1,-9.625,1,0.0371,0.304,0.00317,0.125,0.511,118.32,5,0.8600906133651733,Rock,86.00906133651733%,3nZa8vRD64ueq3d0JNYTsl,6cyclemind
2S80c51YXgJQhkhX603fMA,Prinsesa,1Im5BTDBghgM0NG75SaiC3,267293,2007-01-15,59,0.853,0.455,1,-9.625,1,0.0371,0.304,0.00317,0.125,0.511,118.32,5,0.8600906133651733,Rock,86.00906133651733%,3nZa8vRD64ueq3d0JNYTsl,6cyclemind
5wZvVKUYvXjvUarvPCyqhk,Lumalapit,1kWhEWBbzI4tRdTtdTz5QD,226947,2018-06-22,0,0.545,0.612,2,-9.119,1,0.0274,0.0174,0.0148,0.129,0.553,92.039,5,0.8540861010551453,Rock,85.40861010551453%,1YlibpAvhJBbMZMBwN1KGv,The Juans
3gyEt1vswIEbpQqBs18Lha,Harana,29tJR2oXdGAFHMQkcgPUmn,182200,1997,62,0.58,0.159,7,-22.087,1,0.0569,0.792,1.26e-06,0.108,0.424,151.419,3,0.8520725965499878,Acoustic,85.20725965499878%,2XHTklRsNMOOQT56Zm3WS4,Parokya Ni Edgar
3gyEt1vswIEbpQqBs18Lha,Harana,29tJR2oXdGAFHMQkcgPUmn,182200,1997,62,0.58,0.159,7,-22.087,1,0.0569,0.792,1.26e-06,0.108,0.424,151.419,3,0.8520725965499878,Acoustic,85.20725965499878%,2XHTklRsNMOOQT56Zm3WS4,Parokya Ni Edgar
3gyEt1vswIEbpQqBs18Lha,Harana,29tJR2oXdGAFHMQkcgPUmn,182200,1997,62,0.58,0.159,7,-22.087,1,0.0569,0.792,1.26e-06,0.108,0.424,151.419,3,0.8520725965499878,Acoustic,85.20725965499878%,2XHTklRsNMOOQT56Zm3WS4,Parokya Ni Edgar
0dJPIIlTmVM0lambbFgAYq,Eroplanong Papel,2xDMXQrLcUxzsAdpdlLPZh,303880,2017-03-20,57,0.471,0.647,0,-3.549,1,0.0347,0.00753,0.0,0.111,0.15,138.998,5,0.8456515669822693,Rock,84.56515669822693%,4qFxP3qN9GsnZDOkAE6x2m,December Avenue
1FHCU1rDAeaPsBW9byjJ0Q,12:51,5M4GVkxOl3joHIkvNrAlbJ,246280,2011-01-01,65,0.503,0.357,3,-9.36,1,0.0272,0.727,0.0,0.128,0.438,136.135,3,0.8443016409873962,Acoustic,84.43016409873962%,09DdQEMQaaq0f99vqqub3V,krissy & ericka
1FHCU1rDAeaPsBW9byjJ0Q,12:51,5M4GVkxOl3joHIkvNrAlbJ,246280,2011-01-01,65,0.503,0.357,3,-9.36,1,0.0272,0.727,0.0,0.128,0.438,136.135,3,0.8443016409873962,Acoustic,84.43016409873962%,09DdQEMQaaq0f99vqqub3V,krissy & ericka
0W2kzUI1K0tT0RpggJZ4Js,Kung Akin Ang Mundo,7pgo6KnbXj9ADDyvoDf0rV,210046,2018-09-14,46,0.636,0.397,5,-9.477,1,0.0349,0.834,3.97e-05,0.096,0.328,135.875,3,0.8370246887207031,Acoustic,83.70246887207031%,"['7ygtjsCTrCQZAYYPOne9uE', '0rZRTXEmmPmx6gt92tBqIc']","['Erik Santos', 'Moira Dela Torre']"
0W2kzUI1K0tT0RpggJZ4Js,Kung Akin Ang Mundo,7pgo6KnbXj9ADDyvoDf0rV,210046,2018-09-14,46,0.636,0.397,5,-9.477,1,0.0349,0.834,3.97e-05,0.096,0.328,135.875,3,0.8370246887207031,Acoustic,83.70246887207031%,"['7ygtjsCTrCQZAYYPOne9uE', '0rZRTXEmmPmx6gt92tBqIc']","['Erik Santos', 'Moira Dela Torre']"
0MqkYdGBzHx7lnaFvo7doR,Para Sa Akin,0JPSXvzFg02DSytNE16MSw,186240,2006-01-25,55,0.579,0.408,3,-11.299,1,0.0419,0.916,2.55e-05,0.117,0.465,126.106,3,0.8364753127098083,Acoustic,83.64753127098083%,0t7vWPRBcVv4xBEHPZHSWA,Sitti
0MqkYdGBzHx7lnaFvo7doR,Para Sa Akin,0JPSXvzFg02DSytNE16MSw,186240,2006-01-25,55,0.579,0.408,3,-11.299,1,0.0419,0.916,2.55e-05,0.117,0.465,126.106,3,0.8364753127098083,Acoustic,83.64753127098083%,0t7vWPRBcVv4xBEHPZHSWA,Sitti
0MqkYdGBzHx7lnaFvo7doR,Para Sa Akin,0JPSXvzFg02DSytNE16MSw,186240,2006-01-25,55,0.579,0.408,3,-11.299,1,0.0419,0.916,2.55e-05,0.117,0.465,126.106,3,0.8364753127098083,Acoustic,83.64753127098083%,0t7vWPRBcVv4xBEHPZHSWA,Sitti
50hVyhZM4nvizfrQe38F3l,Hindi Na Nga,1nZbFWVgFXFLQZ067FQdV8,282442,2018-09-14,1,0.396,0.413,7,-11.566,1,0.0334,0.0877,2.95e-05,0.124,0.108,136.818,5,0.8355938196182251,Rock,83.55938196182251%,5HIZU0JzM0AgfItVOm4E08,This Band
1X4l4i472kW5ofFP8Xo0x0,Sana,4njOhY51h2CBqdAX4o41U1,277098,2018-04-25,71,0.66,0.373,7,-7.874,1,0.029,0.701,0.0,0.226,0.348,126.887,3,0.8331468105316162,Acoustic,83.31468105316162%,7tKpXx21KVUOR6vvDs6xtg,I Belong to the Zoo
1X4l4i472kW5ofFP8Xo0x0,Sana,4njOhY51h2CBqdAX4o41U1,277098,2018-04-25,71,0.66,0.373,7,-7.874,1,0.029,0.701,0.0,0.226,0.348,126.887,3,0.8331468105316162,Acoustic,83.31468105316162%,7tKpXx21KVUOR6vvDs6xtg,I Belong to the Zoo
1X4l4i472kW5ofFP8Xo0x0,Sana,4njOhY51h2CBqdAX4o41U1,277098,2018-04-25,71,0.66,0.373,7,-7.874,1,0.029,0.701,0.0,0.226,0.348,126.887,3,0.8331468105316162,Acoustic,83.31468105316162%,7tKpXx21KVUOR6vvDs6xtg,I Belong to the Zoo
1X4l4i472kW5ofFP8Xo0x0,Sana,4njOhY51h2CBqdAX4o41U1,277098,2018-04-25,71,0.66,0.373,7,-7.874,1,0.029,0.701,0.0,0.226,0.348,126.887,3,0.8331468105316162,Acoustic,83.31468105316162%,7tKpXx21KVUOR6vvDs6xtg,I Belong to the Zoo
7D4rSZoga8hqJqNOVcPde1,If We Fall in Love,20RBKgpWWNoA2xo7CRZfO5,246680,2007-01-19,57,0.568,0.382,5,-9.906,1,0.0285,0.782,1.03e-05,0.0945,0.3,140.085,3,0.8218389749526978,Acoustic,82.18389749526978%,0DnjaQqb436AH1idffI6CQ,Yeng Constantino
00mBzIWv5gHOYxwuEJXjOG,Sa Ngalan Ng Pag-Ibig,7xconhHQKj7Be4P2KvUmFz,285138,2017-04-29,68,0.518,0.762,7,-3.907,1,0.0305,0.0851,0.0,0.148,0.271,155.985,5,0.8190723657608032,Rock,81.90723657608032%,4qFxP3qN9GsnZDOkAE6x2m,December Avenue
00mBzIWv5gHOYxwuEJXjOG,Sa Ngalan Ng Pag-Ibig,7xconhHQKj7Be4P2KvUmFz,285138,2017-04-29,68,0.518,0.762,7,-3.907,1,0.0305,0.0851,0.0,0.148,0.271,155.985,5,0.8190723657608032,Rock,81.90723657608032%,4qFxP3qN9GsnZDOkAE6x2m,December Avenue
00mBzIWv5gHOYxwuEJXjOG,Sa Ngalan Ng Pag-Ibig,7xconhHQKj7Be4P2KvUmFz,285138,2017-04-29,68,0.518,0.762,7,-3.907,1,0.0305,0.0851,0.0,0.148,0.271,155.985,5,0.8190723657608032,Rock,81.90723657608032%,4qFxP3qN9GsnZDOkAE6x2m,December Avenue
7aW2GrNlteWTwQZxX6LNjT,"Kahit Maputi Na Ang Buhok ko - From ""The Hows Of Us""",0v4UIlXB8pda8iP9vUdV25,219689,2018-08-17,61,0.264,0.273,7,-8.651,1,0.0312,0.535,0.0,0.207,0.315,200.777,3,0.8159952163696289,Acoustic,81.59952163696289%,0rZRTXEmmPmx6gt92tBqIc,Moira Dela Torre
7aW2GrNlteWTwQZxX6LNjT,"Kahit Maputi Na Ang Buhok ko - From ""The Hows Of Us""",0v4UIlXB8pda8iP9vUdV25,219689,2018-08-17,61,0.264,0.273,7,-8.651,1,0.0312,0.535,0.0,0.207,0.315,200.777,3,0.8159952163696289,Acoustic,81.59952163696289%,0rZRTXEmmPmx6gt92tBqIc,Moira Dela Torre
7xty20N3DMTVOVtDIS2Jov,"Dying Inside To Hold You - From "" All Of You"" Official Soundtrack",55sWjGP1ghylhmMX3N17LU,236283,2017-12-15,61,0.556,0.625,0,-7.178,1,0.037,0.336,0.0,0.11,0.403,104.913,5,0.8151408433914185,Rock,81.51408433914185%,0u4G1K1CSzcp5PZ6G6FIGu,Darren Espanto
0qt9ivU6UEP3YdNUiZsnYR,"Dying Inside To Hold You - From "" All Of You"" Official Soundtrack",0TXpE1J3GKy0c03GRKEfof,236283,2017-12-15,0,0.556,0.625,0,-7.178,1,0.037,0.336,0.0,0.11,0.403,104.913,5,0.8151408433914185,Rock,81.51408433914185%,0u4G1K1CSzcp5PZ6G6FIGu,Darren Espanto
0qt9ivU6UEP3YdNUiZsnYR,"Dying Inside To Hold You - From "" All Of You"" Official Soundtrack",0TXpE1J3GKy0c03GRKEfof,236283,2017-12-15,0,0.556,0.625,0,-7.178,1,0.037,0.336,0.0,0.11,0.403,104.913,5,0.8151408433914185,Rock,81.51408433914185%,0u4G1K1CSzcp5PZ6G6FIGu,Darren Espanto
6XmskR1cMfgys1W7dExmgi,With a Smile (feat. Kelly Badon),7tfDmiKEApFiZmT5MzIN1o,264413,2005-11-15,65,0.523,0.534,6,-8.94,1,0.0296,0.479,2.92e-05,0.111,0.507,75.988,3,0.8134950399398804,Acoustic,81.34950399398804%,"['6ZgBJRjJsK1iOJGKGZxEUv', '32pTJUDIqu5vvX5McsyU26']","['South Border', 'Kelly Badon']"
6XmskR1cMfgys1W7dExmgi,With a Smile (feat. Kelly Badon),7tfDmiKEApFiZmT5MzIN1o,264413,2005-11-15,65,0.523,0.534,6,-8.94,1,0.0296,0.479,2.92e-05,0.111,0.507,75.988,3,0.8134950399398804,Acoustic,81.34950399398804%,"['6ZgBJRjJsK1iOJGKGZxEUv', '32pTJUDIqu5vvX5McsyU26']","['South Border', 'Kelly Badon']"
6XmskR1cMfgys1W7dExmgi,With a Smile (feat. Kelly Badon),7tfDmiKEApFiZmT5MzIN1o,264413,2005-11-15,65,0.523,0.534,6,-8.94,1,0.0296,0.479,2.92e-05,0.111,0.507,75.988,3,0.8134950399398804,Acoustic,81.34950399398804%,"['6ZgBJRjJsK1iOJGKGZxEUv', '32pTJUDIqu5vvX5McsyU26']","['South Border', 'Kelly Badon']"
6XmskR1cMfgys1W7dExmgi,With a Smile (feat. Kelly Badon),7tfDmiKEApFiZmT5MzIN1o,264413,2005-11-15,65,0.523,0.534,6,-8.94,1,0.0296,0.479,2.92e-05,0.111,0.507,75.988,3,0.8134950399398804,Acoustic,81.34950399398804%,"['6ZgBJRjJsK1iOJGKGZxEUv', '32pTJUDIqu5vvX5McsyU26']","['South Border', 'Kelly Badon']"
0I5Z0p0cLWdyJNC6sqMTwD,Spoliarium,616gVbSZhqmxgSBKqmZZ7T,326760,1998-11-27,60,0.367,0.428,8,-12.259,0,0.0308,0.562,3.23e-06,0.229,0.538,170.722,3,0.8133086562156677,Acoustic,81.33086562156677%,7374lH6kwx9uQATYQ9H3Cp,Eraserheads
5UhpceEr5XmbVwyoIUIRnh,Hanggang Kailan - Umuwi Ka Na Baby,0S0yaR1MiuHfyAZPAtChVc,261866,2005-03-24,65,0.556,0.674,0,-5.563,1,0.0296,0.116,2.19e-06,0.226,0.399,146.433,5,0.8122408986091614,Rock,81.22408986091614%,1EUmQM6xgUQLUkJVcvSdey,Orange & Lemons
4T7CM071eEoHudiDShZlCJ,Tala,42F8uTX1DR3OiaKVtrz3Gr,245053,2015-12-04,65,0.598,0.795,8,-1.602,1,0.0497,0.623,0.000193,0.0971,0.499,97.999,4,0.8114985227584839,R&B,81.14985227584839%,6aiCKnIN68hohzU3ZzNq48,Sarah Geronimo
66l54YRkk0mU2ECTdxJGqS,Bakit Pa Ba,0upzjL3KMPH1JZtlFOZt4K,283520,2007-01-23,46,0.506,0.388,5,-7.459,1,0.0275,0.728,0.0,0.149,0.176,117.536,3,0.8069161176681519,Acoustic,80.69161176681519%,3z0IVhtuFvt9VYUZGT98PU,Jay R
46ixegtxjERQMCutmp09Sa,"Two Less Lonely People in the World (Official Movie Theme Song Of ""Kita Kita"")",3aOj64v2njmsuCiIZmoN7X,280109,2017-07-14,1,0.37,0.434,6,-5.935,1,0.0311,0.774,1.58e-06,0.0993,0.201,139.839,3,0.8024066686630249,Acoustic,80.24066686630249%,1mcqfNCReSFxun2vIWvC28,KZ Tandingan
6sl4KzZ9PRb8xTzjYIrHAP,Someday,7quF2TPkzNhuVjyub5UtoV,259665,2018-09-21,60,0.581,0.325,0,-11.156,1,0.0461,0.616,0.0,0.133,0.276,122.062,3,0.791158139705658,Acoustic,79.1158139705658%,2nZ18B9RTjJH56v2NTnNAI,Leanne & Naara
6sl4KzZ9PRb8xTzjYIrHAP,Someday,7quF2TPkzNhuVjyub5UtoV,259665,2018-09-21,60,0.581,0.325,0,-11.156,1,0.0461,0.616,0.0,0.133,0.276,122.062,3,0.791158139705658,Acoustic,79.1158139705658%,2nZ18B9RTjJH56v2NTnNAI,Leanne & Naara
6sl4KzZ9PRb8xTzjYIrHAP,Someday,7quF2TPkzNhuVjyub5UtoV,259665,2018-09-21,60,0.581,0.325,0,-11.156,1,0.0461,0.616,0.0,0.133,0.276,122.062,3,0.791158139705658,Acoustic,79.1158139705658%,2nZ18B9RTjJH56v2NTnNAI,Leanne & Naara
0GHwNr0lqf8jpc9wesmnHo,Ex,0qny2u4DXtiOu7ENsopaaA,279259,2018-04-13,60,0.499,0.381,7,-7.855,1,0.0373,0.586,0.0,0.086,0.57,157.332,3,0.7902889847755432,Acoustic,79.02889847755432%,4HOEnLufwAqJ2qoJPVnL01,Callalily
0GHwNr0lqf8jpc9wesmnHo,Ex,0qny2u4DXtiOu7ENsopaaA,279259,2018-04-13,60,0.499,0.381,7,-7.855,1,0.0373,0.586,0.0,0.086,0.57,157.332,3,0.7902889847755432,Acoustic,79.02889847755432%,4HOEnLufwAqJ2qoJPVnL01,Callalily
0GHwNr0lqf8jpc9wesmnHo,Ex,0qny2u4DXtiOu7ENsopaaA,279259,2018-04-13,60,0.499,0.381,7,-7.855,1,0.0373,0.586,0.0,0.086,0.57,157.332,3,0.7902889847755432,Acoustic,79.02889847755432%,4HOEnLufwAqJ2qoJPVnL01,Callalily
0GHwNr0lqf8jpc9wesmnHo,Ex,0qny2u4DXtiOu7ENsopaaA,279259,2018-04-13,60,0.499,0.381,7,-7.855,1,0.0373,0.586,0.0,0.086,0.57,157.332,3,0.7902889847755432,Acoustic,79.02889847755432%,4HOEnLufwAqJ2qoJPVnL01,Callalily
0GHwNr0lqf8jpc9wesmnHo,Ex,0qny2u4DXtiOu7ENsopaaA,279259,2018-04-13,60,0.499,0.381,7,-7.855,1,0.0373,0.586,0.0,0.086,0.57,157.332,3,0.7902889847755432,Acoustic,79.02889847755432%,4HOEnLufwAqJ2qoJPVnL01,Callalily
2gnVqlNifLIGvinryubyG4,Bawat Kaluluwa,5mGR6qKnpILzSzq1yyAUXk,238571,2019-01-18,52,0.705,0.519,5,-7.29,1,0.0341,0.0609,0.0324,0.305,0.521,116.983,5,0.7834884524345398,Rock,78.34884524345398%,4k9wp4ipHdA1bu1T4x1ZTG,IV Of Spades
2Mo4pOpCYXOu33856sMQLh,Make It With You,3cHbJm4cKnGephP4UYxIEv,209782,2019-12-13,73,0.558,0.458,4,-10.711,1,0.0485,0.7,2.11e-05,0.186,0.342,86.877,3,0.7820157408714294,Acoustic,78.20157408714294%,4DAcJXcjX0zlQAZAPAx4Zb,Ben&Ben
2Mo4pOpCYXOu33856sMQLh,Make It With You,3cHbJm4cKnGephP4UYxIEv,209782,2019-12-13,73,0.558,0.458,4,-10.711,1,0.0485,0.7,2.11e-05,0.186,0.342,86.877,3,0.7820157408714294,Acoustic,78.20157408714294%,4DAcJXcjX0zlQAZAPAx4Zb,Ben&Ben
2Mo4pOpCYXOu33856sMQLh,Make It With You,3cHbJm4cKnGephP4UYxIEv,209782,2019-12-13,73,0.558,0.458,4,-10.711,1,0.0485,0.7,2.11e-05,0.186,0.342,86.877,3,0.7820157408714294,Acoustic,78.20157408714294%,4DAcJXcjX0zlQAZAPAx4Zb,Ben&Ben
1CfysrFGAItkEGBZwaidl1,SouthBoys,1ea3ZxEMX5nTSnTfEYHaVj,358776,2018-03-15,48,0.769,0.648,0,-6.286,1,0.0454,0.0365,0.0,0.109,0.657,94.962,2,0.7778348922729492,Reggae,77.78348922729492%,"['2iB7AJhJmkWkkehY9ccB0j', '00xU4wfephkJrjwJPDvfkf']","['Ex Battalion', 'O.C. Dawgs']"
5PjjypAmfFPp5Axknx5mJ9,Can't Get Out,7KShP8LdkytN2aPDIbIkR8,245217,2019-11-15,60,0.615,0.379,10,-10.588,0,0.0514,0.363,0.0,0.109,0.431,137.658,4,0.7755932807922363,R&B,77.55932807922363%,6iWghHqk07KYuZWB21Ff4i,Jem Macatuno
5PjjypAmfFPp5Axknx5mJ9,Can't Get Out,7KShP8LdkytN2aPDIbIkR8,245217,2019-11-15,60,0.615,0.379,10,-10.588,0,0.0514,0.363,0.0,0.109,0.431,137.658,4,0.7755932807922363,R&B,77.55932807922363%,6iWghHqk07KYuZWB21Ff4i,Jem Macatuno
2WUhR1SraSy0SVIQKohJb6,Hanggang Sa Huli,4JlsfnNH8MCDXR0ypy1zcm,254469,2020-07-31,56,0.539,0.553,2,-4.338,1,0.0276,0.702,0.0,0.205,0.192,132.045,3,0.7711815237998962,Acoustic,77.11815237998962%,3g7vYcdDXnqnDKYFwqXBJP,SB19
2WUhR1SraSy0SVIQKohJb6,Hanggang Sa Huli,4JlsfnNH8MCDXR0ypy1zcm,254469,2020-07-31,56,0.539,0.553,2,-4.338,1,0.0276,0.702,0.0,0.205,0.192,132.045,3,0.7711815237998962,Acoustic,77.11815237998962%,3g7vYcdDXnqnDKYFwqXBJP,SB19
65sEZZaxTjLMD8vNgPoMz5,Imahe,04KG42EaTfjaPbYHQ6wI3h,321817,2018-11-30,73,0.604,0.446,9,-8.01,1,0.0341,0.63,0.0,0.0859,0.199,143.946,3,0.7675858736038208,Acoustic,76.75858736038208%,28B54RKpJrEmDoGSTjsfY6,Magnus Haven
65sEZZaxTjLMD8vNgPoMz5,Imahe,04KG42EaTfjaPbYHQ6wI3h,321817,2018-11-30,73,0.604,0.446,9,-8.01,1,0.0341,0.63,0.0,0.0859,0.199,143.946,3,0.7675858736038208,Acoustic,76.75858736038208%,28B54RKpJrEmDoGSTjsfY6,Magnus Haven
65sEZZaxTjLMD8vNgPoMz5,Imahe,04KG42EaTfjaPbYHQ6wI3h,321817,2018-11-30,73,0.604,0.446,9,-8.01,1,0.0341,0.63,0.0,0.0859,0.199,143.946,3,0.7675858736038208,Acoustic,76.75858736038208%,28B54RKpJrEmDoGSTjsfY6,Magnus Haven
65sEZZaxTjLMD8vNgPoMz5,Imahe,04KG42EaTfjaPbYHQ6wI3h,321817,2018-11-30,73,0.604,0.446,9,-8.01,1,0.0341,0.63,0.0,0.0859,0.199,143.946,3,0.7675858736038208,Acoustic,76.75858736038208%,28B54RKpJrEmDoGSTjsfY6,Magnus Haven
32FQqB67FkHkFSeXnuSYV0,"All Tonight - From ""Exes Baggage""",7cRnknPIiD27rqmi4SnFQ4,189941,2018-10-05,47,0.498,0.392,3,-10.683,1,0.0423,0.539,4.54e-06,0.0937,0.164,78.01,3,0.7624017000198364,Acoustic,76.24017000198364%,6sEgMZsruguWlnwVdiz4IX,Midnight Meetings
59aZ0ioyVrmtdut1KfU5aT,Amatz,6uydeIIBbr8sN6XdI3rpuy,234374,2019-03-22,53,0.825,0.496,1,-8.562,1,0.0503,0.00817,0.000511,0.0827,0.185,127.987,4,0.7460874915122986,R&B,74.60874915122986%,6ogIjp0fsbUxlqy9q2rvrT,Shanti Dope
4g8lRiznlad8Vy4HR1J3B9,A Love To Last A Lifetime,3iYp6l0qLDkLOpAxuTs2Jb,165067,2017-01-12,57,0.64,0.438,9,-7.431,1,0.0278,0.157,0.00134,0.144,0.449,95.913,5,0.7401708364486694,Rock,74.01708364486694%,4BNWanhw4AjSXjBm9L1Jzy,Juris
4g8lRiznlad8Vy4HR1J3B9,A Love To Last A Lifetime,3iYp6l0qLDkLOpAxuTs2Jb,165067,2017-01-12,57,0.64,0.438,9,-7.431,1,0.0278,0.157,0.00134,0.144,0.449,95.913,5,0.7401708364486694,Rock,74.01708364486694%,4BNWanhw4AjSXjBm9L1Jzy,Juris
4isDU5tDNqFLQ5xQ9NgPmz,"Till My Heartaches End - From ""The Significant Other""",6Mt2ypZ8Q48fAdqiVkw1kH,256923,2018-03-02,64,0.497,0.375,4,-6.386,1,0.0328,0.845,0.0,0.265,0.214,130.226,3,0.739700973033905,Acoustic,73.9700973033905%,1mcqfNCReSFxun2vIWvC28,KZ Tandingan
4isDU5tDNqFLQ5xQ9NgPmz,"Till My Heartaches End - From ""The Significant Other""",6Mt2ypZ8Q48fAdqiVkw1kH,256923,2018-03-02,64,0.497,0.375,4,-6.386,1,0.0328,0.845,0.0,0.265,0.214,130.226,3,0.739700973033905,Acoustic,73.9700973033905%,1mcqfNCReSFxun2vIWvC28,KZ Tandingan
4isDU5tDNqFLQ5xQ9NgPmz,"Till My Heartaches End - From ""The Significant Other""",6Mt2ypZ8Q48fAdqiVkw1kH,256923,2018-03-02,64,0.497,0.375,4,-6.386,1,0.0328,0.845,0.0,0.265,0.214,130.226,3,0.739700973033905,Acoustic,73.9700973033905%,1mcqfNCReSFxun2vIWvC28,KZ Tandingan
3VcVQmMivq2ISfKUmIuvMK,Rainbow,6bMej3xtNOTiiHLdhR4wzX,347120,2005-01-01,66,0.66,0.224,5,-13.426,1,0.0307,0.425,2.02e-06,0.101,0.382,88.011,3,0.7354505062103271,Acoustic,73.54505062103271%,6ZgBJRjJsK1iOJGKGZxEUv,South Border
3VcVQmMivq2ISfKUmIuvMK,Rainbow,6bMej3xtNOTiiHLdhR4wzX,347120,2005-01-01,66,0.66,0.224,5,-13.426,1,0.0307,0.425,2.02e-06,0.101,0.382,88.011,3,0.7354505062103271,Acoustic,73.54505062103271%,6ZgBJRjJsK1iOJGKGZxEUv,South Border
3VcVQmMivq2ISfKUmIuvMK,Rainbow,6bMej3xtNOTiiHLdhR4wzX,347120,2005-01-01,66,0.66,0.224,5,-13.426,1,0.0307,0.425,2.02e-06,0.101,0.382,88.011,3,0.7354505062103271,Acoustic,73.54505062103271%,6ZgBJRjJsK1iOJGKGZxEUv,South Border
3VcVQmMivq2ISfKUmIuvMK,Rainbow,6bMej3xtNOTiiHLdhR4wzX,347120,2005-01-01,66,0.66,0.224,5,-13.426,1,0.0307,0.425,2.02e-06,0.101,0.382,88.011,3,0.7354505062103271,Acoustic,73.54505062103271%,6ZgBJRjJsK1iOJGKGZxEUv,South Border
3VcVQmMivq2ISfKUmIuvMK,Rainbow,6bMej3xtNOTiiHLdhR4wzX,347120,2005-01-01,66,0.66,0.224,5,-13.426,1,0.0307,0.425,2.02e-06,0.101,0.382,88.011,3,0.7354505062103271,Acoustic,73.54505062103271%,6ZgBJRjJsK1iOJGKGZxEUv,South Border
3VcVQmMivq2ISfKUmIuvMK,Rainbow,6bMej3xtNOTiiHLdhR4wzX,347120,2005-01-01,66,0.66,0.224,5,-13.426,1,0.0307,0.425,2.02e-06,0.101,0.382,88.011,3,0.7354505062103271,Acoustic,73.54505062103271%,6ZgBJRjJsK1iOJGKGZxEUv,South Border
32L3JmBCqHyvM16zyTcGVQ,Sulyap,4j1wlzNGV9OzdRB9L6L50Z,211923,2020-09-11,55,0.651,0.536,9,-8.175,1,0.035,0.268,3.47e-05,0.163,0.736,83.997,5,0.7339527606964111,Rock,73.39527606964111%,"['021sXp6RH5MQCCp2hmal6q', '0WleeEe3UurwlNbDGhb5Yz']","['Jom', 'ALLMO$T']"
0JzwzRDkwZr8s1WRfNgUqA,Till I Met You,0NfAzxHZ4diQArSqZMTJHc,240065,2015-01-01,61,0.452,0.476,2,-8.042,1,0.0338,0.689,2.27e-06,0.361,0.172,139.833,3,0.7322391271591187,Acoustic,73.22391271591187%,7DW4ijH3n36QN0RlC0n649,Angeline Quinto
2ZiNCGDMapQzMtnPRVOKZI,Di Makatulog,5rTKoqwiq0QSU31UV3AYSf,329396,2017-06-30,58,0.505,0.393,7,-10.426,1,0.027,0.257,5.1e-05,0.101,0.262,145.818,3,0.7242897748947144,Acoustic,72.42897748947144%,0jKQrxK2zHqxyOAyIMrUQt,SUD
2ZiNCGDMapQzMtnPRVOKZI,Di Makatulog,5rTKoqwiq0QSU31UV3AYSf,329396,2017-06-30,58,0.505,0.393,7,-10.426,1,0.027,0.257,5.1e-05,0.101,0.262,145.818,3,0.7242897748947144,Acoustic,72.42897748947144%,0jKQrxK2zHqxyOAyIMrUQt,SUD
58grXgbCj7t5ulr0TGLIr9,Kahit Ayaw Mo Na,2sGiNJNhNMJbn56l0BE0R0,243015,2018-11-02,67,0.662,0.529,2,-8.539,1,0.0351,0.341,0.000208,0.105,0.424,127.584,5,0.7209324240684509,Rock,72.09324240684509%,5HIZU0JzM0AgfItVOm4E08,This Band
58grXgbCj7t5ulr0TGLIr9,Kahit Ayaw Mo Na,2sGiNJNhNMJbn56l0BE0R0,243015,2018-11-02,67,0.662,0.529,2,-8.539,1,0.0351,0.341,0.000208,0.105,0.424,127.584,5,0.7209324240684509,Rock,72.09324240684509%,5HIZU0JzM0AgfItVOm4E08,This Band
5V2AX2WTOHl2FKtftvisV6,Kahit Ayaw Mo Na,4sChUazv5CQPX1V3VqVsqV,243015,2018-02-02,2,0.662,0.529,2,-8.539,1,0.0351,0.341,0.000208,0.105,0.424,127.584,5,0.7209324240684509,Rock,72.09324240684509%,5HIZU0JzM0AgfItVOm4E08,This Band
5V2AX2WTOHl2FKtftvisV6,Kahit Ayaw Mo Na,4sChUazv5CQPX1V3VqVsqV,243015,2018-02-02,2,0.662,0.529,2,-8.539,1,0.0351,0.341,0.000208,0.105,0.424,127.584,5,0.7209324240684509,Rock,72.09324240684509%,5HIZU0JzM0AgfItVOm4E08,This Band
0Fh6hgq979963fIxr2VBF2,"214 - From ""Alone/Together""",7H0I5J51zSxtXcHg862TZp,254024,2019-02-08,59,0.351,0.35,6,-8.861,1,0.0291,0.268,0.0,0.155,0.204,79.588,3,0.7198476791381836,Acoustic,71.98476791381836%,2uhjpR62cyl0U8HD38yFQ8,JM De Guzman
7DpfL3u92JKKTys5w7jfY7,Starting over Again,2VGSxW3eF2Ass0Qlp7g2PY,246813,2014-01-01,57,0.535,0.441,0,-6.481,1,0.0293,0.474,1.21e-06,0.108,0.256,119.706,3,0.7180132865905762,Acoustic,71.80132865905762%,5BAyYwbv8OSfqeXMjPgWX6,Toni Gonzaga
3yLKvQB94z3o2kiaGuqbTP,Huwag Na Huwag Mong Sasabihin,2euCQoZUL6nf8DhPM7PuqX,274320,2018-10-05,49,0.593,0.346,4,-10.128,1,0.0363,0.404,0.000686,0.0966,0.17,74.013,3,0.7157813906669617,Acoustic,71.57813906669617%,0jKQrxK2zHqxyOAyIMrUQt,SUD
3VQb0rq27GPX92X53Ni1Lc,'Di Na Muli,1hwjIPHrnNBFuxWBWRHmge,207018,2018-04-06,2,0.413,0.561,1,-3.092,1,0.0517,0.192,0.0,0.0914,0.352,88.69,4,0.7125216722488403,R&B,71.25216722488403%,09Xydf4dlkr29dH99DmsvQ,Janine TeÃ±oso
3VQb0rq27GPX92X53Ni1Lc,'Di Na Muli,1hwjIPHrnNBFuxWBWRHmge,207018,2018-04-06,2,0.413,0.561,1,-3.092,1,0.0517,0.192,0.0,0.0914,0.352,88.69,4,0.7125216722488403,R&B,71.25216722488403%,09Xydf4dlkr29dH99DmsvQ,Janine TeÃ±oso
3nQtkvFMNkRwxjKVAlGPcG,Torete,2CZhWHzzLkNUtfONjbKOy1,264202,2001,60,0.358,0.4,2,-8.172,1,0.0269,0.219,0.0,0.0738,0.311,88.239,3,0.7102852463722229,Acoustic,71.02852463722229%,2kZThDGZcHl4klYYFk0v8n,Moonstar88
3nQtkvFMNkRwxjKVAlGPcG,Torete,2CZhWHzzLkNUtfONjbKOy1,264202,2001,60,0.358,0.4,2,-8.172,1,0.0269,0.219,0.0,0.0738,0.311,88.239,3,0.7102852463722229,Acoustic,71.02852463722229%,2kZThDGZcHl4klYYFk0v8n,Moonstar88
3nQtkvFMNkRwxjKVAlGPcG,Torete,2CZhWHzzLkNUtfONjbKOy1,264202,2001,60,0.358,0.4,2,-8.172,1,0.0269,0.219,0.0,0.0738,0.311,88.239,3,0.7102852463722229,Acoustic,71.02852463722229%,2kZThDGZcHl4klYYFk0v8n,Moonstar88
4rG3h1QwgjSSWz8EIjCFrm,Araw-Araw,7xCcuTA3abKwxj8HwgxP7R,313951,2019-05-12,68,0.475,0.424,11,-8.39,1,0.0295,0.582,0.0,0.234,0.224,140.903,3,0.7091223001480103,Acoustic,70.91223001480103%,4DAcJXcjX0zlQAZAPAx4Zb,Ben&Ben
4rG3h1QwgjSSWz8EIjCFrm,Araw-Araw,7xCcuTA3abKwxj8HwgxP7R,313951,2019-05-12,68,0.475,0.424,11,-8.39,1,0.0295,0.582,0.0,0.234,0.224,140.903,3,0.7091223001480103,Acoustic,70.91223001480103%,4DAcJXcjX0zlQAZAPAx4Zb,Ben&Ben
4rG3h1QwgjSSWz8EIjCFrm,Araw-Araw,7xCcuTA3abKwxj8HwgxP7R,313951,2019-05-12,68,0.475,0.424,11,-8.39,1,0.0295,0.582,0.0,0.234,0.224,140.903,3,0.7091223001480103,Acoustic,70.91223001480103%,4DAcJXcjX0zlQAZAPAx4Zb,Ben&Ben
267RumTt5KeLBGl2KWxBL0,Dating Tayo,01f1BJjxsFyuX580Fk8Gjk,239480,2016-05-19,63,0.551,0.329,7,-10.731,1,0.0431,0.648,3.82e-05,0.0925,0.331,139.699,3,0.7084301710128784,Acoustic,70.84301710128784%,7LvDTuFCBv08xm6u1pOMK0,TJ Monterde
5DeFtXwPfcBwPQZKkG6OHE,Eba,0fQ7DaR6UXWUdYi4yxNyHP,218880,2020-12-24,61,0.706,0.536,11,-9.809,1,0.0354,0.185,0.000732,0.118,0.683,90.004,5,0.7057672142982483,Rock,70.57672142982483%,6gcteR920pLEynlHzjSRYd,Kiyo
22AZDYG6qrjMFg0ceeL9X6,Paalam,0TokPp6QWbba06DOUPm86M,291108,2019-09-13,62,0.292,0.308,4,-7.562,1,0.0305,0.671,2.22e-06,0.102,0.198,98.487,3,0.7026358842849731,Acoustic,70.26358842849731%,"['0rZRTXEmmPmx6gt92tBqIc', '4DAcJXcjX0zlQAZAPAx4Zb']","['Moira Dela Torre', 'Ben&Ben']"
22AZDYG6qrjMFg0ceeL9X6,Paalam,0TokPp6QWbba06DOUPm86M,291108,2019-09-13,62,0.292,0.308,4,-7.562,1,0.0305,0.671,2.22e-06,0.102,0.198,98.487,3,0.7026358842849731,Acoustic,70.26358842849731%,"['0rZRTXEmmPmx6gt92tBqIc', '4DAcJXcjX0zlQAZAPAx4Zb']","['Moira Dela Torre', 'Ben&Ben']"
22AZDYG6qrjMFg0ceeL9X6,Paalam,0TokPp6QWbba06DOUPm86M,291108,2019-09-13,62,0.292,0.308,4,-7.562,1,0.0305,0.671,2.22e-06,0.102,0.198,98.487,3,0.7026358842849731,Acoustic,70.26358842849731%,"['0rZRTXEmmPmx6gt92tBqIc', '4DAcJXcjX0zlQAZAPAx4Zb']","['Moira Dela Torre', 'Ben&Ben']"
22AZDYG6qrjMFg0ceeL9X6,Paalam,0TokPp6QWbba06DOUPm86M,291108,2019-09-13,62,0.292,0.308,4,-7.562,1,0.0305,0.671,2.22e-06,0.102,0.198,98.487,3,0.7026358842849731,Acoustic,70.26358842849731%,"['0rZRTXEmmPmx6gt92tBqIc', '4DAcJXcjX0zlQAZAPAx4Zb']","['Moira Dela Torre', 'Ben&Ben']"
0YyM8aEdbjGfLWPn6fdcn7,Pasensya Ka Na,38jqi8VvSax4miNL2cacD1,241029,2015-04-08,65,0.696,0.262,11,-15.073,1,0.031,0.519,0.0,0.0669,0.265,84.007,3,0.6989434361457825,Acoustic,69.89434361457825%,4nGp682WMiKS4X217kPw8C,Silent Sanctuary
0YyM8aEdbjGfLWPn6fdcn7,Pasensya Ka Na,38jqi8VvSax4miNL2cacD1,241029,2015-04-08,65,0.696,0.262,11,-15.073,1,0.031,0.519,0.0,0.0669,0.265,84.007,3,0.6989434361457825,Acoustic,69.89434361457825%,4nGp682WMiKS4X217kPw8C,Silent Sanctuary
0YyM8aEdbjGfLWPn6fdcn7,Pasensya Ka Na,38jqi8VvSax4miNL2cacD1,241029,2015-04-08,65,0.696,0.262,11,-15.073,1,0.031,0.519,0.0,0.0669,0.265,84.007,3,0.6989434361457825,Acoustic,69.89434361457825%,4nGp682WMiKS4X217kPw8C,Silent Sanctuary
0YyM8aEdbjGfLWPn6fdcn7,Pasensya Ka Na,38jqi8VvSax4miNL2cacD1,241029,2015-04-08,65,0.696,0.262,11,-15.073,1,0.031,0.519,0.0,0.0669,0.265,84.007,3,0.6989434361457825,Acoustic,69.89434361457825%,4nGp682WMiKS4X217kPw8C,Silent Sanctuary
0rkML0CSX3wteVwUh5cspv,'Di Na Muli,3GX88wDTaudQN9oK5j4kf1,260599,2018-06-04,0,0.517,0.468,4,-6.582,1,0.0345,0.702,0.0,0.152,0.266,121.284,3,0.6976389288902283,Acoustic,69.76389288902283%,5cYJYBMg1n71v7cvthr1SO,The Itchyworms
2OqQDFY4MgzkAoAZ67CscA,Sundo,2WNYwZg6JlIjSkQGq0fggk,243653,2007,58,0.493,0.515,9,-6.551,1,0.0232,0.468,1.27e-05,0.0873,0.334,79.987,3,0.6964504718780518,Acoustic,69.64504718780518%,6MXu7TWZnmykwkXiRJeUMh,Imago
2OqQDFY4MgzkAoAZ67CscA,Sundo,2WNYwZg6JlIjSkQGq0fggk,243653,2007,58,0.493,0.515,9,-6.551,1,0.0232,0.468,1.27e-05,0.0873,0.334,79.987,3,0.6964504718780518,Acoustic,69.64504718780518%,6MXu7TWZnmykwkXiRJeUMh,Imago
2OqQDFY4MgzkAoAZ67CscA,Sundo,2WNYwZg6JlIjSkQGq0fggk,243653,2007,58,0.493,0.515,9,-6.551,1,0.0232,0.468,1.27e-05,0.0873,0.334,79.987,3,0.6964504718780518,Acoustic,69.64504718780518%,6MXu7TWZnmykwkXiRJeUMh,Imago
54b8IPvheXDpro2VR2rWAS,Ivana,10stEx5J17TekHdjeh9dOJ,246550,2020-01-06,64,0.87,0.483,8,-7.441,1,0.297,0.281,0.0,0.0526,0.611,100.012,4,0.694731593132019,R&B,69.4731593132019%,2EGJbNf0Hva2C2N6hvhMXD,Soulstice
6BxJLJw228OY5BFerPGl7z,Dahan,5ZMRUtgLCoeyhrDdRhSXij,297500,2019-02-14,60,0.516,0.529,10,-6.596,1,0.0257,0.318,0.0,0.198,0.295,129.973,5,0.6939699053764343,Rock,69.39699053764343%,4qFxP3qN9GsnZDOkAE6x2m,December Avenue
6BxJLJw228OY5BFerPGl7z,Dahan,5ZMRUtgLCoeyhrDdRhSXij,297500,2019-02-14,60,0.516,0.529,10,-6.596,1,0.0257,0.318,0.0,0.198,0.295,129.973,5,0.6939699053764343,Rock,69.39699053764343%,4qFxP3qN9GsnZDOkAE6x2m,December Avenue
5fJHoiDbRO8f7wkGL0kotY,"Pag-Ibig - From ""Dangwa""",6ChgAzrMYdAVVm2fY2szVd,154709,2015,55,0.617,0.531,7,-10.1,1,0.0284,0.211,0.0,0.0874,0.647,91.068,5,0.6931167840957642,Rock,69.31167840957642%,1tXFYQZSAswt4JLB42lpye,Sponge Cola
5fJHoiDbRO8f7wkGL0kotY,"Pag-Ibig - From ""Dangwa""",6ChgAzrMYdAVVm2fY2szVd,154709,2015,55,0.617,0.531,7,-10.1,1,0.0284,0.211,0.0,0.0874,0.647,91.068,5,0.6931167840957642,Rock,69.31167840957642%,1tXFYQZSAswt4JLB42lpye,Sponge Cola
5fJHoiDbRO8f7wkGL0kotY,"Pag-Ibig - From ""Dangwa""",6ChgAzrMYdAVVm2fY2szVd,154709,2015,55,0.617,0.531,7,-10.1,1,0.0284,0.211,0.0,0.0874,0.647,91.068,5,0.6931167840957642,Rock,69.31167840957642%,1tXFYQZSAswt4JLB42lpye,Sponge Cola
6GIzDc4xBUeYHwubWwTrhC,Kahit Di Mo Alam,1aUdCxhin4mQevKWVLrtNN,282094,2017-09-17,63,0.45,0.648,10,-4.516,1,0.0308,0.132,2.37e-05,0.11,0.282,144.814,5,0.6894654035568237,Rock,68.94654035568237%,4qFxP3qN9GsnZDOkAE6x2m,December Avenue
6GIzDc4xBUeYHwubWwTrhC,Kahit Di Mo Alam,1aUdCxhin4mQevKWVLrtNN,282094,2017-09-17,63,0.45,0.648,10,-4.516,1,0.0308,0.132,2.37e-05,0.11,0.282,144.814,5,0.6894654035568237,Rock,68.94654035568237%,4qFxP3qN9GsnZDOkAE6x2m,December Avenue
33NwLcrJHLbENMoDeAPUNi,Bagong Umaga,1RZlsvEwoIf7QxomIysQnZ,254783,2019-03-29,49,0.595,0.533,10,-5.18,1,0.0256,0.157,0.0,0.0794,0.466,135.89,5,0.6803125739097595,Rock,68.03125739097595%,2UeuiDT17tm6ljs9D4bSMX,Agsunta
0luyrm1L6gjtoLekHOf67t,Masyado Pang Maaga,75Y2NZzYQyYpxusG8e0ZeM,306204,2019-11-01,66,0.526,0.571,7,-7.091,1,0.0295,0.458,0.0,0.11,0.31,140.051,3,0.6756994128227234,Acoustic,67.56994128227234%,4DAcJXcjX0zlQAZAPAx4Zb,Ben&Ben
0luyrm1L6gjtoLekHOf67t,Masyado Pang Maaga,75Y2NZzYQyYpxusG8e0ZeM,306204,2019-11-01,66,0.526,0.571,7,-7.091,1,0.0295,0.458,0.0,0.11,0.31,140.051,3,0.6756994128227234,Acoustic,67.56994128227234%,4DAcJXcjX0zlQAZAPAx4Zb,Ben&Ben
5l9g7py8RCblcvbZgGQgSd,Pagtingin,7xCcuTA3abKwxj8HwgxP7R,227370,2019-05-12,70,0.669,0.42,2,-8.464,1,0.0253,0.506,0.0,0.404,0.523,95.049,3,0.6755539178848267,Acoustic,67.55539178848267%,4DAcJXcjX0zlQAZAPAx4Zb,Ben&Ben
5l9g7py8RCblcvbZgGQgSd,Pagtingin,7xCcuTA3abKwxj8HwgxP7R,227370,2019-05-12,70,0.669,0.42,2,-8.464,1,0.0253,0.506,0.0,0.404,0.523,95.049,3,0.6755539178848267,Acoustic,67.55539178848267%,4DAcJXcjX0zlQAZAPAx4Zb,Ben&Ben
7178ubXeY1sFOqdNkKrUwb,Pagtingin,4a0SAaOEW4bxKEvSqSDoQz,227370,2019-05-03,56,0.669,0.42,2,-8.464,1,0.0253,0.506,0.0,0.404,0.523,95.049,3,0.6755539178848267,Acoustic,67.55539178848267%,4DAcJXcjX0zlQAZAPAx4Zb,Ben&Ben
135ggzbjOogZ75IQ0LQi8r,Ang Huling El Bimbo,6JbcJM51TZIX8nkjns3M4U,447333,1995-12-21,62,0.524,0.503,6,-11.79,1,0.0245,0.184,0.0,0.264,0.436,89.497,5,0.6708338856697083,Rock,67.08338856697083%,7374lH6kwx9uQATYQ9H3Cp,Eraserheads
6KawczP7xc6xQRIpOqvpey,Tilaluha,4JlsfnNH8MCDXR0ypy1zcm,237428,2020-07-31,50,0.463,0.456,0,-6.846,0,0.0279,0.826,0.000102,0.144,0.218,139.736,3,0.668231725692749,Acoustic,66.8231725692749%,3g7vYcdDXnqnDKYFwqXBJP,SB19
5WJOCn5Mkzb9fNT6jh1ktg,Magbalik,6OxTDcsFtf3rrnyyYFSXSW,348739,2018-09-17,47,0.375,0.303,4,-10.568,1,0.029,0.225,0.0,0.141,0.477,139.942,3,0.6643054485321045,Acoustic,66.43054485321045%,2TwRMSibtKhC7ZGypSl1el,Drei Rana
6CiuHbascZBxfFqdixSXiW,Set You Free,4vZ9jbxJDvWVO18RUOCuUo,264573,2008-08-15,55,0.642,0.281,4,-11.478,1,0.0346,0.821,0.0,0.123,0.101,60.009,3,0.6573075652122498,Acoustic,65.73075652122498%,5elcNQkZ6FCZA3grSOMngY,MYMP
0Vmk6Ebk4QBq7r0VAz2a6s,Bakit Ba Ikaw,2fI8PsKYLPMt9Gv4NVrtjk,245586,2016-08-19,65,0.668,0.48,10,-5.469,1,0.0284,0.549,0.0,0.112,0.277,119.903,3,0.6448155045509338,Acoustic,64.48155045509338%,1t2caVgyabZrVDAlmMGraV,Michael Pangilinan
0Vmk6Ebk4QBq7r0VAz2a6s,Bakit Ba Ikaw,2fI8PsKYLPMt9Gv4NVrtjk,245586,2016-08-19,65,0.668,0.48,10,-5.469,1,0.0284,0.549,0.0,0.112,0.277,119.903,3,0.6448155045509338,Acoustic,64.48155045509338%,1t2caVgyabZrVDAlmMGraV,Michael Pangilinan
0Vmk6Ebk4QBq7r0VAz2a6s,Bakit Ba Ikaw,2fI8PsKYLPMt9Gv4NVrtjk,245586,2016-08-19,65,0.668,0.48,10,-5.469,1,0.0284,0.549,0.0,0.112,0.277,119.903,3,0.6448155045509338,Acoustic,64.48155045509338%,1t2caVgyabZrVDAlmMGraV,Michael Pangilinan
0Vmk6Ebk4QBq7r0VAz2a6s,Bakit Ba Ikaw,2fI8PsKYLPMt9Gv4NVrtjk,245586,2016-08-19,65,0.668,0.48,10,-5.469,1,0.0284,0.549,0.0,0.112,0.277,119.903,3,0.6448155045509338,Acoustic,64.48155045509338%,1t2caVgyabZrVDAlmMGraV,Michael Pangilinan
2RzdvVrhZdoa3PyrU0NTLp,Nadarang - Campfire Mix,1Cp6WvebwVCLQ9x1siodOm,234813,2018-03-26,50,0.816,0.539,0,-8.247,1,0.0378,0.765,7.78e-06,0.102,0.456,118.057,5,0.6437453031539917,Rock,64.37453031539917%,7aD2Ni3fUu66gklUFlvJi5,Kyle Juliano
2RzdvVrhZdoa3PyrU0NTLp,Nadarang - Campfire Mix,1Cp6WvebwVCLQ9x1siodOm,234813,2018-03-26,50,0.816,0.539,0,-8.247,1,0.0378,0.765,7.78e-06,0.102,0.456,118.057,5,0.6437453031539917,Rock,64.37453031539917%,7aD2Ni3fUu66gklUFlvJi5,Kyle Juliano
761frfZtZ8I2g70UsjFfBK,I Need You More Today,4TyVEjoScAou6qVjhXyYfp,233728,2016-12-02,67,0.474,0.522,11,-7.513,1,0.0408,0.36,0.0,0.123,0.448,157.225,5,0.6403437852859497,Rock,64.03437852859497%,3XEHRbR9NMWfNzQ6TQMS9M,Caleb Santos
761frfZtZ8I2g70UsjFfBK,I Need You More Today,4TyVEjoScAou6qVjhXyYfp,233728,2016-12-02,67,0.474,0.522,11,-7.513,1,0.0408,0.36,0.0,0.123,0.448,157.225,5,0.6403437852859497,Rock,64.03437852859497%,3XEHRbR9NMWfNzQ6TQMS9M,Caleb Santos
4YMfE4r1JWADFw2Fn74XW2,Catriona,6epJqGK57I0W0PMN2kyTso,204512,2019-12-01,66,0.71,0.388,5,-12.106,1,0.0545,0.67,0.0,0.177,0.759,114.858,3,0.6326320171356201,Acoustic,63.26320171356201%,1SrWbIDP84JcSDr0oTBAQw,Matthaios
77iVPjxBy9Q3GgOxVE1UUA,"Halik Sa Hangin - From ""The Killer Bride""",3S4ZOWVwtEGMcxevA5YZO1,288000,2019-08-12,60,0.505,0.552,11,-11.387,0,0.0973,0.623,5.24e-05,0.327,0.407,149.467,4,0.6313525438308716,R&B,63.13525438308716%,1mcqfNCReSFxun2vIWvC28,KZ Tandingan
77iVPjxBy9Q3GgOxVE1UUA,"Halik Sa Hangin - From ""The Killer Bride""",3S4ZOWVwtEGMcxevA5YZO1,288000,2019-08-12,60,0.505,0.552,11,-11.387,0,0.0973,0.623,5.24e-05,0.327,0.407,149.467,4,0.6313525438308716,R&B,63.13525438308716%,1mcqfNCReSFxun2vIWvC28,KZ Tandingan
14pj36HKHd6c72njvGVPWU,Pusong Ligaw,41S3W52qwH0oEKOx9ByH5t,246666,2009-01-01,57,0.608,0.417,7,-10.341,1,0.0276,0.645,6.69e-06,0.128,0.142,127.976,3,0.6269953846931458,Acoustic,62.699538469314575%,3RpJ6OyOnaXRFRXSirgQa6,Jericho Rosales
1Z0sOoWABNbbiadSEea2z9,I,5adFklVMUam3oGM6vULmuo,204816,2020-06-19,58,0.522,0.327,11,-7.422,1,0.0289,0.276,4.87e-05,0.0733,0.229,141.704,3,0.6202903985977173,Acoustic,62.02903985977173%,"['5GoU6Zkbt3w10nTYq6vBQh', '3nZa8vRD64ueq3d0JNYTsl']","['Twenty-Nine Eleven', '6cyclemind']"
44jJiCwGdnqqCkgqlvCIdp,Miloves (Otw Sayo),2Cn8NCS7dAmLMNat4xBL1R,242844,2020-03-09,68,0.766,0.514,11,-10.573,1,0.101,0.239,8.15e-06,0.0879,0.682,136.027,2,0.6189244985580444,Reggae,61.89244985580444%,71hhKLR9oCOsHLdRIoQ5OU,King Badger
3pO8AS9mXlI85OsHbJa4Jf,SUNRISE,0jaGLy6bI1pjrc2gbkyxbJ,213674,2018-06-29,58,0.544,0.61,8,-8.383,1,0.0635,0.246,3.62e-06,0.0869,0.447,125.869,5,0.615045964717865,Rock,61.5045964717865%,4DAcJXcjX0zlQAZAPAx4Zb,Ben&Ben
3pO8AS9mXlI85OsHbJa4Jf,SUNRISE,0jaGLy6bI1pjrc2gbkyxbJ,213674,2018-06-29,58,0.544,0.61,8,-8.383,1,0.0635,0.246,3.62e-06,0.0869,0.447,125.869,5,0.615045964717865,Rock,61.5045964717865%,4DAcJXcjX0zlQAZAPAx4Zb,Ben&Ben
2IMODbij0lZ5CuAjZi0IDE,Sila,0qwujayb77utSpftsXjdP3,326000,2015-07-31,62,0.635,0.376,9,-6.1,1,0.0457,0.0104,0.0,0.109,0.28,124.57,4,0.6114317774772644,R&B,61.14317774772644%,0jKQrxK2zHqxyOAyIMrUQt,SUD
2IMODbij0lZ5CuAjZi0IDE,Sila,0qwujayb77utSpftsXjdP3,326000,2015-07-31,62,0.635,0.376,9,-6.1,1,0.0457,0.0104,0.0,0.109,0.28,124.57,4,0.6114317774772644,R&B,61.14317774772644%,0jKQrxK2zHqxyOAyIMrUQt,SUD
5JfXvkPqBWrTUBb1OWs1mU,Alam Ko,3qmWIVHyUhown0ogL329aC,290023,2019-12-20,57,0.326,0.211,10,-15.186,1,0.0565,0.809,1.46e-06,0.0691,0.272,68.165,3,0.6101349592208862,Acoustic,61.01349592208862%,2U5mF0PZqGu6glnz55yY0y,John Roa
5JfXvkPqBWrTUBb1OWs1mU,Alam Ko,3qmWIVHyUhown0ogL329aC,290023,2019-12-20,57,0.326,0.211,10,-15.186,1,0.0565,0.809,1.46e-06,0.0691,0.272,68.165,3,0.6101349592208862,Acoustic,61.01349592208862%,2U5mF0PZqGu6glnz55yY0y,John Roa
2v5VIWMjZxeiG52KckiXxS,Ikaw Lamang,08SEZDvRXrrNs1C2y73MLi,306466,2007,65,0.394,0.623,9,-5.029,1,0.0384,0.573,0.0,0.0937,0.316,115.003,5,0.6022475361824036,Rock,60.224753618240356%,4nGp682WMiKS4X217kPw8C,Silent Sanctuary
2v5VIWMjZxeiG52KckiXxS,Ikaw Lamang,08SEZDvRXrrNs1C2y73MLi,306466,2007,65,0.394,0.623,9,-5.029,1,0.0384,0.573,0.0,0.0937,0.316,115.003,5,0.6022475361824036,Rock,60.224753618240356%,4nGp682WMiKS4X217kPw8C,Silent Sanctuary
2v5VIWMjZxeiG52KckiXxS,Ikaw Lamang,08SEZDvRXrrNs1C2y73MLi,306466,2007,65,0.394,0.623,9,-5.029,1,0.0384,0.573,0.0,0.0937,0.316,115.003,5,0.6022475361824036,Rock,60.224753618240356%,4nGp682WMiKS4X217kPw8C,Silent Sanctuary
6aDYL0klsShJ1NDScruk2G,Stars,3tIU2WCVDgPwnG4MraWwQ6,233306,2006-07-17,59,0.501,0.555,7,-7.672,1,0.0308,0.296,2.96e-05,0.0859,0.436,126.207,5,0.6021878719329834,Rock,60.21878719329834%,4HOEnLufwAqJ2qoJPVnL01,Callalily
6aDYL0klsShJ1NDScruk2G,Stars,3tIU2WCVDgPwnG4MraWwQ6,233306,2006-07-17,59,0.501,0.555,7,-7.672,1,0.0308,0.296,2.96e-05,0.0859,0.436,126.207,5,0.6021878719329834,Rock,60.21878719329834%,4HOEnLufwAqJ2qoJPVnL01,Callalily
6aDYL0klsShJ1NDScruk2G,Stars,3tIU2WCVDgPwnG4MraWwQ6,233306,2006-07-17,59,0.501,0.555,7,-7.672,1,0.0308,0.296,2.96e-05,0.0859,0.436,126.207,5,0.6021878719329834,Rock,60.21878719329834%,4HOEnLufwAqJ2qoJPVnL01,Callalily
63qA4ydokzNOFpsaNlsYsC,Higa,3H8htbv4nP3HIjpOCbxm67,245760,2019-10-25,72,0.657,0.337,9,-10.546,1,0.0433,0.45,0.0,0.106,0.183,125.057,4,0.6016358137130737,R&B,60.16358137130737%,7uDdl5V5AETSFY7K3muu22,Arthur Nery
63qA4ydokzNOFpsaNlsYsC,Higa,3H8htbv4nP3HIjpOCbxm67,245760,2019-10-25,72,0.657,0.337,9,-10.546,1,0.0433,0.45,0.0,0.106,0.183,125.057,4,0.6016358137130737,R&B,60.16358137130737%,7uDdl5V5AETSFY7K3muu22,Arthur Nery
63qA4ydokzNOFpsaNlsYsC,Higa,3H8htbv4nP3HIjpOCbxm67,245760,2019-10-25,72,0.657,0.337,9,-10.546,1,0.0433,0.45,0.0,0.106,0.183,125.057,4,0.6016358137130737,R&B,60.16358137130737%,7uDdl5V5AETSFY7K3muu22,Arthur Nery
1ojVx5LnVcBCGYPL7QC5eW,Umaasa,4icBARf3NUeP5SfMRMQOHU,261500,2020-05-19,67,0.633,0.386,2,-9.989,1,0.0345,0.153,0.0,0.0768,0.316,120.267,5,0.6002646088600159,Rock,60.02646088600159%,117XFtbZPnCI1EYKjYZWJc,Skusta Clee
5en0gvJmw9GeS9Xv4rnZ7U,Heart React,3blIO4usvS40P4seWTQLty,311038,2020-01-24,49,0.631,0.621,10,-8.632,1,0.15,0.381,4.54e-06,0.0839,0.499,130.649,4,0.5963873267173767,R&B,59.63873267173767%,0WleeEe3UurwlNbDGhb5Yz,ALLMO$T
4Aor9l4tiok1Llkbu0vREb,Puhon,3UIpxG2NXaGzMuA9rNQjSK,240167,2020-05-14,57,0.524,0.583,7,-4.947,1,0.0717,0.403,0.0,0.0845,0.691,179.758,2,0.5853005647659302,Reggae,58.53005647659302%,7LvDTuFCBv08xm6u1pOMK0,TJ Monterde
4Aor9l4tiok1Llkbu0vREb,Puhon,3UIpxG2NXaGzMuA9rNQjSK,240167,2020-05-14,57,0.524,0.583,7,-4.947,1,0.0717,0.403,0.0,0.0845,0.691,179.758,2,0.5853005647659302,Reggae,58.53005647659302%,7LvDTuFCBv08xm6u1pOMK0,TJ Monterde
7EoLMCwL7LfLsLF8acLpih,Landas,0Q66wsJckZoOdDhdMSlXvy,310481,2020-03-06,50,0.43,0.547,2,-7.767,1,0.0287,0.222,1.92e-06,0.0842,0.121,149.841,5,0.5765438079833984,Rock,57.654380798339844%,28B54RKpJrEmDoGSTjsfY6,Magnus Haven
7EoLMCwL7LfLsLF8acLpih,Landas,0Q66wsJckZoOdDhdMSlXvy,310481,2020-03-06,50,0.43,0.547,2,-7.767,1,0.0287,0.222,1.92e-06,0.0842,0.121,149.841,5,0.5765438079833984,Rock,57.654380798339844%,28B54RKpJrEmDoGSTjsfY6,Magnus Haven
5xd70ihEAM1UA1DnM8af2v,Nandito Lang Ako,1bT0QNeT7fKtPCokTIXsR9,303442,2020-09-27,68,0.738,0.51,10,-9.119,1,0.0826,0.242,0.0,0.101,0.286,94.491,2,0.5737135410308838,Reggae,57.37135410308838%,"['117XFtbZPnCI1EYKjYZWJc', '0uD1WQbTE0pNDiJe0iGEaU', '4uTrcSQy4Mln47xoNTTaYh', '1AUXkzvFyZ10nzrpb9kDg4', '5MfvrLwRcs98YwS3C9Uf1u', '3PDFGpPl4ienSn5Vwisfrh', '5p2PcSTLcpEYenYp1kDgv8']","['Skusta Clee', 'Jnske', 'Leslie', 'Honcho', 'Bullet D', 'Flow G', 'Flip-D']"
4KtAI0WOLiaeOfBT87shZG,Kung Pwede Lang,6z0cwwwXZ3fU7c7i7dNdl1,194811,2020-04-05,61,0.627,0.334,4,-14.688,1,0.0423,0.566,0.0,0.304,0.387,169.983,3,0.5689843893051147,Acoustic,56.898438930511475%,3FwNjtXQCdxpDOXmgJQGnG,Emman
4u8RkgV6P4TLi89SmlUtv8,Mundo,2p6QlBCrnKwUFC0wPN1kfV,349713,2018-02-14,68,0.705,0.401,6,-8.9,1,0.0376,0.176,8.66e-06,0.0735,0.481,140.031,4,0.5648504495620728,R&B,56.485044956207275%,4k9wp4ipHdA1bu1T4x1ZTG,IV Of Spades
4u8RkgV6P4TLi89SmlUtv8,Mundo,2p6QlBCrnKwUFC0wPN1kfV,349713,2018-02-14,68,0.705,0.401,6,-8.9,1,0.0376,0.176,8.66e-06,0.0735,0.481,140.031,4,0.5648504495620728,R&B,56.485044956207275%,4k9wp4ipHdA1bu1T4x1ZTG,IV Of Spades
4u8RkgV6P4TLi89SmlUtv8,Mundo,2p6QlBCrnKwUFC0wPN1kfV,349713,2018-02-14,68,0.705,0.401,6,-8.9,1,0.0376,0.176,8.66e-06,0.0735,0.481,140.031,4,0.5648504495620728,R&B,56.485044956207275%,4k9wp4ipHdA1bu1T4x1ZTG,IV Of Spades
4u8RkgV6P4TLi89SmlUtv8,Mundo,2p6QlBCrnKwUFC0wPN1kfV,349713,2018-02-14,68,0.705,0.401,6,-8.9,1,0.0376,0.176,8.66e-06,0.0735,0.481,140.031,4,0.5648504495620728,R&B,56.485044956207275%,4k9wp4ipHdA1bu1T4x1ZTG,IV Of Spades
1yDiru08Q6omDOGkZMPnei,Maybe The Night,6LhZ3QMHGJeTes9cCTxK8e,217197,2017-10-27,73,0.572,0.522,2,-9.095,1,0.0367,0.113,4.91e-05,0.114,0.498,74.05,5,0.561102032661438,Rock,56.1102032661438%,4DAcJXcjX0zlQAZAPAx4Zb,Ben&Ben
1yDiru08Q6omDOGkZMPnei,Maybe The Night,6LhZ3QMHGJeTes9cCTxK8e,217197,2017-10-27,73,0.572,0.522,2,-9.095,1,0.0367,0.113,4.91e-05,0.114,0.498,74.05,5,0.561102032661438,Rock,56.1102032661438%,4DAcJXcjX0zlQAZAPAx4Zb,Ben&Ben
1yDiru08Q6omDOGkZMPnei,Maybe The Night,6LhZ3QMHGJeTes9cCTxK8e,217197,2017-10-27,73,0.572,0.522,2,-9.095,1,0.0367,0.113,4.91e-05,0.114,0.498,74.05,5,0.561102032661438,Rock,56.1102032661438%,4DAcJXcjX0zlQAZAPAx4Zb,Ben&Ben
1yDiru08Q6omDOGkZMPnei,Maybe The Night,6LhZ3QMHGJeTes9cCTxK8e,217197,2017-10-27,73,0.572,0.522,2,-9.095,1,0.0367,0.113,4.91e-05,0.114,0.498,74.05,5,0.561102032661438,Rock,56.1102032661438%,4DAcJXcjX0zlQAZAPAx4Zb,Ben&Ben
6C2JPPYodebs3deDBizyww,Kahit Kunwari Man Lang,5nHC92IFAdsDVzpnEsVjoT,222500,2020-11-13,68,0.631,0.44,1,-10.714,1,0.0435,0.529,0.0,0.118,0.237,119.961,4,0.5598935484886169,R&B,55.989354848861694%,"['2UeuiDT17tm6ljs9D4bSMX', '0rZRTXEmmPmx6gt92tBqIc']","['Agsunta', 'Moira Dela Torre']"
2PYdoPLiEIEAwOXZNn1NaQ,Sabi Nang Sabi,4L5aiocJDKX1aI9YMfZCHm,264591,2020-12-18,65,0.613,0.671,7,-7.169,1,0.0488,0.224,0.0,0.101,0.697,150.16,5,0.5551047325134277,Rock,55.51047325134277%,0WleeEe3UurwlNbDGhb5Yz,ALLMO$T
3PgjBOoA5OytNGkglObpOd,Sa Susunod na Habang Buhay,0U3q2NgWn97Fsns6dg7CzD,288189,2020-02-28,70,0.311,0.342,2,-8.889,1,0.032,0.432,1.93e-06,0.114,0.274,177.158,5,0.5470676422119141,Rock,54.706764221191406%,4DAcJXcjX0zlQAZAPAx4Zb,Ben&Ben
3PgjBOoA5OytNGkglObpOd,Sa Susunod na Habang Buhay,0U3q2NgWn97Fsns6dg7CzD,288189,2020-02-28,70,0.311,0.342,2,-8.889,1,0.032,0.432,1.93e-06,0.114,0.274,177.158,5,0.5470676422119141,Rock,54.706764221191406%,4DAcJXcjX0zlQAZAPAx4Zb,Ben&Ben
3PgjBOoA5OytNGkglObpOd,Sa Susunod na Habang Buhay,0U3q2NgWn97Fsns6dg7CzD,288189,2020-02-28,70,0.311,0.342,2,-8.889,1,0.032,0.432,1.93e-06,0.114,0.274,177.158,5,0.5470676422119141,Rock,54.706764221191406%,4DAcJXcjX0zlQAZAPAx4Zb,Ben&Ben
2tzAN1L07SNwnOdgOEeuQr,Pauwi Nako,33qqYIFSFSVYO3wCkc1Ksh,341573,2018-07-28,66,0.657,0.746,1,-6.277,1,0.0464,0.0175,0.0,0.107,0.467,136.887,5,0.5446159243583679,Rock,54.46159243583679%,"['0iqkVK6sTXi7DZWWOeKy8Q', '117XFtbZPnCI1EYKjYZWJc', '0uD1WQbTE0pNDiJe0iGEaU', '5MfvrLwRcs98YwS3C9Uf1u', '5xOvrnVpLjzfGi69GDlzQY', '3PDFGpPl4ienSn5Vwisfrh']","['PDL', 'Skusta Clee', 'Jnske', 'Bullet D', 'Yuridope', 'Flow G']"
2tzAN1L07SNwnOdgOEeuQr,Pauwi Nako,33qqYIFSFSVYO3wCkc1Ksh,341573,2018-07-28,66,0.657,0.746,1,-6.277,1,0.0464,0.0175,0.0,0.107,0.467,136.887,5,0.5446159243583679,Rock,54.46159243583679%,"['0iqkVK6sTXi7DZWWOeKy8Q', '117XFtbZPnCI1EYKjYZWJc', '0uD1WQbTE0pNDiJe0iGEaU', '5MfvrLwRcs98YwS3C9Uf1u', '5xOvrnVpLjzfGi69GDlzQY', '3PDFGpPl4ienSn5Vwisfrh']","['PDL', 'Skusta Clee', 'Jnske', 'Bullet D', 'Yuridope', 'Flow G']"
5CBp1DpEIdw76H1Ol5SXUK,Taguan,5Uq0TiaLMYB3JBPnrMFwAr,248026,2018-06-08,0,0.684,0.328,4,-10.991,1,0.0402,0.596,3.08e-05,0.301,0.328,108.016,3,0.543319582939148,Acoustic,54.331958293914795%,2U5mF0PZqGu6glnz55yY0y,John Roa
3vGkyQlCw8LklNip0ZUELC,Nobela,7kzETZloUVbyQLuqDnLPVV,291506,2016-04-01,66,0.358,0.548,8,-5.998,1,0.027,0.36,0.0,0.173,0.518,163.434,5,0.5423619151115417,Rock,54.236191511154175%,70ljCILl0aVXitf3K39YvT,Join The Club
3vGkyQlCw8LklNip0ZUELC,Nobela,7kzETZloUVbyQLuqDnLPVV,291506,2016-04-01,66,0.358,0.548,8,-5.998,1,0.027,0.36,0.0,0.173,0.518,163.434,5,0.5423619151115417,Rock,54.236191511154175%,70ljCILl0aVXitf3K39YvT,Join The Club
3vGkyQlCw8LklNip0ZUELC,Nobela,7kzETZloUVbyQLuqDnLPVV,291506,2016-04-01,66,0.358,0.548,8,-5.998,1,0.027,0.36,0.0,0.173,0.518,163.434,5,0.5423619151115417,Rock,54.236191511154175%,70ljCILl0aVXitf3K39YvT,Join The Club
3vGkyQlCw8LklNip0ZUELC,Nobela,7kzETZloUVbyQLuqDnLPVV,291506,2016-04-01,66,0.358,0.548,8,-5.998,1,0.027,0.36,0.0,0.173,0.518,163.434,5,0.5423619151115417,Rock,54.236191511154175%,70ljCILl0aVXitf3K39YvT,Join The Club
5f9808hpiCpuNyqqdXmpF2,Buwan,2CF1utwLM2yXHMZhwFGVY1,343446,2018-06-22,66,0.631,0.381,7,-11.808,1,0.04,0.447,0.000171,0.0902,0.36,126.008,3,0.5352175831794739,Acoustic,53.52175831794739%,0a4r2EnsevvHCukoJ1xFwJ,juan karlos
5f9808hpiCpuNyqqdXmpF2,Buwan,2CF1utwLM2yXHMZhwFGVY1,343446,2018-06-22,66,0.631,0.381,7,-11.808,1,0.04,0.447,0.000171,0.0902,0.36,126.008,3,0.5352175831794739,Acoustic,53.52175831794739%,0a4r2EnsevvHCukoJ1xFwJ,juan karlos
5f9808hpiCpuNyqqdXmpF2,Buwan,2CF1utwLM2yXHMZhwFGVY1,343446,2018-06-22,66,0.631,0.381,7,-11.808,1,0.04,0.447,0.000171,0.0902,0.36,126.008,3,0.5352175831794739,Acoustic,53.52175831794739%,0a4r2EnsevvHCukoJ1xFwJ,juan karlos
5f9808hpiCpuNyqqdXmpF2,Buwan,2CF1utwLM2yXHMZhwFGVY1,343446,2018-06-22,66,0.631,0.381,7,-11.808,1,0.04,0.447,0.000171,0.0902,0.36,126.008,3,0.5352175831794739,Acoustic,53.52175831794739%,0a4r2EnsevvHCukoJ1xFwJ,juan karlos
1fXHTDYsJiFOjVWITaFp1j,Ride Home,308xacxloeHSt2tzLCWli0,326885,2017-01-23,64,0.613,0.551,4,-8.79,1,0.0332,0.235,0.000672,0.175,0.432,114.11,3,0.533932626247406,Acoustic,53.3932626247406%,4DAcJXcjX0zlQAZAPAx4Zb,Ben&Ben
7gWKGNeHjIDUkNreiYYNdm,Oo,2XZd988bbXkKBzaVklQbcb,239000,2006-01-01,61,0.583,0.626,11,-7.485,0,0.153,0.465,4.16e-06,0.204,0.6,155.13,4,0.5333393216133118,R&B,53.33393216133118%,3wbCeEPAW6po7J46netxMT,Up Dharma Down
7gWKGNeHjIDUkNreiYYNdm,Oo,2XZd988bbXkKBzaVklQbcb,239000,2006-01-01,61,0.583,0.626,11,-7.485,0,0.153,0.465,4.16e-06,0.204,0.6,155.13,4,0.5333393216133118,R&B,53.33393216133118%,3wbCeEPAW6po7J46netxMT,Up Dharma Down
7gWKGNeHjIDUkNreiYYNdm,Oo,2XZd988bbXkKBzaVklQbcb,239000,2006-01-01,61,0.583,0.626,11,-7.485,0,0.153,0.465,4.16e-06,0.204,0.6,155.13,4,0.5333393216133118,R&B,53.33393216133118%,3wbCeEPAW6po7J46netxMT,Up Dharma Down
5jLEQLkEU8Sb2fG5UQcwDM,Ako Muna,3CZcvxE3YyYqjF8XfvaQzn,222063,2018-03-23,59,0.547,0.573,6,-5.184,1,0.0311,0.576,0.000153,0.0676,0.193,135.991,5,0.5312790870666504,Rock,53.12790870666504%,0DnjaQqb436AH1idffI6CQ,Yeng Constantino
5jLEQLkEU8Sb2fG5UQcwDM,Ako Muna,3CZcvxE3YyYqjF8XfvaQzn,222063,2018-03-23,59,0.547,0.573,6,-5.184,1,0.0311,0.576,0.000153,0.0676,0.193,135.991,5,0.5312790870666504,Rock,53.12790870666504%,0DnjaQqb436AH1idffI6CQ,Yeng Constantino
5jLEQLkEU8Sb2fG5UQcwDM,Ako Muna,3CZcvxE3YyYqjF8XfvaQzn,222063,2018-03-23,59,0.547,0.573,6,-5.184,1,0.0311,0.576,0.000153,0.0676,0.193,135.991,5,0.5312790870666504,Rock,53.12790870666504%,0DnjaQqb436AH1idffI6CQ,Yeng Constantino
4ZgZPrrSLi4sIiFkiahuxq,Hanap-Hanap,69NVydj9miAmq0cDe4nMnt,201653,2015-02-14,0,0.714,0.695,9,-4.614,1,0.0396,0.424,0.0,0.306,0.669,94.99,2,0.5288733243942261,Reggae,52.88733243942261%,"['24fEOzlKhgSNLIcy9NdmwH', '17Do37U0HEbxu1tOrKH8dL']","['James Reid', 'Nadine Lustre']"
4FdQYoWFym37QDQ2GkEHi1,It Might Be You - Theme from Everyday I Love You,0obyXODEHnssLgwFovpusL,252969,2015-10-21,64,0.541,0.435,6,-7.404,1,0.0242,0.314,3.28e-06,0.114,0.242,95.023,3,0.5276245474815369,Acoustic,52.76245474815369%,1t2caVgyabZrVDAlmMGraV,Michael Pangilinan
4FdQYoWFym37QDQ2GkEHi1,It Might Be You - Theme from Everyday I Love You,0obyXODEHnssLgwFovpusL,252969,2015-10-21,64,0.541,0.435,6,-7.404,1,0.0242,0.314,3.28e-06,0.114,0.242,95.023,3,0.5276245474815369,Acoustic,52.76245474815369%,1t2caVgyabZrVDAlmMGraV,Michael Pangilinan
7h4W9blGxYCkKJ3dxPZ84j,Dulo Ng Hangganan,5mGR6qKnpILzSzq1yyAUXk,328303,2019-01-18,57,0.565,0.565,9,-8.52,1,0.0368,0.494,0.00262,0.127,0.35,136.042,5,0.5241202712059021,Rock,52.41202712059021%,4k9wp4ipHdA1bu1T4x1ZTG,IV Of Spades
5T8bLnWG8sg9ER8RKNZbCB,Before I Let You Go,1UeL9KHbWPUf203QjU6NvN,289266,1998-09-26,65,0.655,0.348,4,-12.091,1,0.0356,0.176,0.0,0.161,0.0641,120.011,4,0.5218256711959839,R&B,52.18256711959839%,0jarApAsbmiCkYhz0590mE,Freestyle
0DdC92EziGIEN6j7kTCKQX,Unti-Unti,22DhzsGO72BgYKAAXFGsyb,283825,2017-02-14,59,0.629,0.38,2,-8.072,1,0.0323,0.186,0.000407,0.0338,0.655,155.97,3,0.5210363268852234,Acoustic,52.10363268852234%,3wbCeEPAW6po7J46netxMT,Up Dharma Down
0DdC92EziGIEN6j7kTCKQX,Unti-Unti,22DhzsGO72BgYKAAXFGsyb,283825,2017-02-14,59,0.629,0.38,2,-8.072,1,0.0323,0.186,0.000407,0.0338,0.655,155.97,3,0.5210363268852234,Acoustic,52.10363268852234%,3wbCeEPAW6po7J46netxMT,Up Dharma Down
13pv5UWJttg8NNplCaaOYh,Binibini,5vBydjf2nb8fTPij4rYb2D,137717,2020-03-18,65,0.851,0.352,0,-12.376,0,0.0749,0.737,0.0,0.121,0.536,115.028,4,0.520151674747467,R&B,52.015167474746704%,"['1SrWbIDP84JcSDr0oTBAQw', '3WyQJx169swY8v3htgAqaK']","['Matthaios', 'Calvin De Leon']"
5X0rdNMk9xtQ5dNVMfZA6x,Sana'y Di Nalang,61D2BnO52eYRaTc8E3nina,339184,2020-03-06,62,0.246,0.516,7,-8.133,1,0.0353,0.492,0.0,0.108,0.232,61.256,3,0.5196816325187683,Acoustic,51.96816325187683%,4slXciON4jYY6mqE9LjSFx,Bandang Lapis
2mwd0LWLBgtQBEOLG96nbU,Bagay Tayo,6r5Q4HTHG4DGcZ7mrfgaRw,397033,2018-12-04,62,0.804,0.557,0,-8.658,1,0.163,0.322,0.0,0.106,0.645,100.053,4,0.5175676941871643,R&B,51.75676941871643%,0WleeEe3UurwlNbDGhb5Yz,ALLMO$T
0HZ3OUVrGHxttD2EuHqRm3,The Day You Said Goodnight,472GgeFZaCdRLcL3cT0IAn,291357,2005,67,0.558,0.553,4,-6.669,1,0.0323,0.492,0.0,0.116,0.251,134.263,5,0.5167548060417175,Rock,51.67548060417175%,6Ww3OMFzCaO33ulKh1LBFN,Hale
0HZ3OUVrGHxttD2EuHqRm3,The Day You Said Goodnight,472GgeFZaCdRLcL3cT0IAn,291357,2005,67,0.558,0.553,4,-6.669,1,0.0323,0.492,0.0,0.116,0.251,134.263,5,0.5167548060417175,Rock,51.67548060417175%,6Ww3OMFzCaO33ulKh1LBFN,Hale
5NXdUJ3Z2jhlp2u1cj6f7m,Balang Araw,6HPFW4F5tgbVGfFatG5CUw,288207,2018-10-23,64,0.523,0.391,7,-9.283,1,0.0298,0.395,0.0,0.142,0.354,139.905,3,0.516009509563446,Acoustic,51.600950956344604%,7tKpXx21KVUOR6vvDs6xtg,I Belong to the Zoo
5NXdUJ3Z2jhlp2u1cj6f7m,Balang Araw,6HPFW4F5tgbVGfFatG5CUw,288207,2018-10-23,64,0.523,0.391,7,-9.283,1,0.0298,0.395,0.0,0.142,0.354,139.905,3,0.516009509563446,Acoustic,51.600950956344604%,7tKpXx21KVUOR6vvDs6xtg,I Belong to the Zoo
5NXdUJ3Z2jhlp2u1cj6f7m,Balang Araw,6HPFW4F5tgbVGfFatG5CUw,288207,2018-10-23,64,0.523,0.391,7,-9.283,1,0.0298,0.395,0.0,0.142,0.354,139.905,3,0.516009509563446,Acoustic,51.600950956344604%,7tKpXx21KVUOR6vvDs6xtg,I Belong to the Zoo
1NopgVCMVhCKIm64tF7auX,With A Smile,1IalzI8USuu4PB679HVV5C,278173,1994-11-01,64,0.328,0.465,6,-9.81,1,0.0334,0.72,2.16e-06,0.175,0.342,149.246,5,0.5155671238899231,Rock,51.55671238899231%,7374lH6kwx9uQATYQ9H3Cp,Eraserheads
7eJMfftS33KTjuF7lTsMCx,death bed (coffee for your head),2p9gK2BcdrloHNJwarc9gc,173333,2020-02-08,92,0.726,0.431,8,-8.765,0,0.135,0.731,0.0,0.696,0.348,144.026,4,0.5099431276321411,R&B,50.99431276321411%,"['6bmlMHgSheBauioMgKv2tn', '35l9BRT7MXmM8bv2WDQiyB']","['Powfu', 'beabadoobee']"
3X9c4tBzSdGhlO4Fx3WYgW,Lifetime,277CpjwmcdLZsHwXpj9D8H,171527,2020-06-04,68,0.386,0.657,7,-5.125,1,0.0316,0.292,1.05e-05,0.393,0.401,179.998,5,0.5061407089233398,Rock,50.614070892333984%,4DAcJXcjX0zlQAZAPAx4Zb,Ben&Ben
3X9c4tBzSdGhlO4Fx3WYgW,Lifetime,277CpjwmcdLZsHwXpj9D8H,171527,2020-06-04,68,0.386,0.657,7,-5.125,1,0.0316,0.292,1.05e-05,0.393,0.401,179.998,5,0.5061407089233398,Rock,50.614070892333984%,4DAcJXcjX0zlQAZAPAx4Zb,Ben&Ben
3X9c4tBzSdGhlO4Fx3WYgW,Lifetime,277CpjwmcdLZsHwXpj9D8H,171527,2020-06-04,68,0.386,0.657,7,-5.125,1,0.0316,0.292,1.05e-05,0.393,0.401,179.998,5,0.5061407089233398,Rock,50.614070892333984%,4DAcJXcjX0zlQAZAPAx4Zb,Ben&Ben
5zMR44ZH4KVZj4FlhTj3SE,Magbalik,3tIU2WCVDgPwnG4MraWwQ6,326813,2006-07-17,65,0.404,0.556,4,-8.329,1,0.0326,0.359,4.93e-06,0.0964,0.34,159.256,5,0.5044829845428467,Rock,50.44829845428467%,4HOEnLufwAqJ2qoJPVnL01,Callalily
5zMR44ZH4KVZj4FlhTj3SE,Magbalik,3tIU2WCVDgPwnG4MraWwQ6,326813,2006-07-17,65,0.404,0.556,4,-8.329,1,0.0326,0.359,4.93e-06,0.0964,0.34,159.256,5,0.5044829845428467,Rock,50.44829845428467%,4HOEnLufwAqJ2qoJPVnL01,Callalily
5zMR44ZH4KVZj4FlhTj3SE,Magbalik,3tIU2WCVDgPwnG4MraWwQ6,326813,2006-07-17,65,0.404,0.556,4,-8.329,1,0.0326,0.359,4.93e-06,0.0964,0.34,159.256,5,0.5044829845428467,Rock,50.44829845428467%,4HOEnLufwAqJ2qoJPVnL01,Callalily
5zMR44ZH4KVZj4FlhTj3SE,Magbalik,3tIU2WCVDgPwnG4MraWwQ6,326813,2006-07-17,65,0.404,0.556,4,-8.329,1,0.0326,0.359,4.93e-06,0.0964,0.34,159.256,5,0.5044829845428467,Rock,50.44829845428467%,4HOEnLufwAqJ2qoJPVnL01,Callalily
